,index,점포명,시도명,시군구명,소재지도로명주소,소재지지번주소,위도,경도,여성안심지킴이집전화번호
3,57,세븐일레븐 신사시장점,서울특별시,관악구,서울특별시 관악구 신림동 남부순환로153길 35,서울특별시 관악구 신림동 511-4,37.4840205,126.9163085,02-830-6586
5,59,세븐일레븐 신림점 B,서울특별시,관악구,서울특별시 관악구 신림동 호암로24길 6,서울특별시 관악구 신림동 1531-1,37.46990093,126.9335323,02-878-0845
6,93,세븐일레븐 길동제일점,서울특별시,강동구,서울특별시 강동구 천호대로1203,서울특별시 강동구 길동 148-2,37.53540255,127.1447004,02-485-7637
7,94,세븐일레븐 길동4호점,서울특별시,강동구,서울특별시 강동구 명일로210,서울특별시 강동구 길동 142-2,37.537263,127.1460832,02-484-8315
8,95,미니스톱 명일스타점,서울특별시,강동구,서울특별시 강동구 고덕로38길 64,서울특별시 강동구 명일동 312-140,37.5517026,127.142414,02-427-3120
9,96,세븐일레븐 명일삼익점,서울특별시,강동구,서울특별시 강동구 양재대로128길 47,서울특별시 강동구 명일동 350-4,37.54450894,127.1454636,02-426-7814
10,97,세븐일레븐 명일점,서울특별시,강동구,서울특별시 강동구 양재대로1655,서울특별시 강동구 명일동 306-5,37.5533158,127.1439183,02-441-9623
11,98,세븐일레븐 강동고덕점,서울특별시,강동구,서울특별시 강동구 동남로75길 13-25,서울특별시 강동구 명일동 47-16,37.5530312,127.1554565,02-426-1746
12,99,GS25 고덕,서울특별시,강동구,서울특별시 강동구 동남로81길 44,서울특별시 강동구 고덕동 503,37.56001982,127.1545091,02-429-4153
13,100,세븐일레븐 고덕광문점,서울특별시,강동구,서울특별시 강동구 동남로81길 10,서울특별시 강동구 고덕동 501-4,37.5606516,127.1561175,02-442-7172
14,101,씨스페이스 강동상일점,서울특별시,강동구,서울특별시 강동구 천호대로1469,서울특별시 강동구 상일동 437-8,37.5464168,127.1713147,02-426-4935
15,102,CU 강일5단지점,서울특별시,강동구,서울특별시 강동구 아리수로97길 20,서울특별시 강동구 강일동 670,37.56851355,127.1781387,02-428-1186
16,103,GS25 성내한빛,서울특별시,강동구,서울특별시 강동구 천호대로168길 25,서울특별시 강동구 성내동 196-8,37.53468848,127.1328468,02-488-3969
18,124,GS25 둔촌역,서울특별시,강동구,서울특별시 강동구 양재대로1367,서울특별시 강동구 성내동 416-4,37.52830949,127.1359081,02-476-7470
19,125,세븐일레븐 강동오륜점,서울특별시,강동구,서울특별시 강동구 양재대로81길 30,서울특별시 강동구 성내동 442-10,37.52320993,127.132659,02-470-1544
20,126,CU 강풀만화거리점,서울특별시,강동구,서울특별시 강동구 천호대로1034,서울특별시 강동구 성내동 9-14,37.53720715,127.1267613,02-478-4282
21,127,GS25 성내삼성점,서울특별시,강동구,서울특별시 강동구 풍성로135,서울특별시 강동구 성내동 276-2,37.531525,127.1272061,02-475-0441
22,128,GS25 천호타운,서울특별시,강동구,서울특별시 강동구 천중로35길 66,서울특별시 강동구 천호동 48-1,37.54400182,127.1385731,02-427-4222
23,129,GS25 천호중앙점,서울특별시,강동구,서울특별시 강동구 상암로162,서울특별시 강동구 천호동 39-14,37.54576919,127.140448,02-479-4648
25,131,GS25 천호역,서울특별시,강동구,서울특별시 강동구 올림픽로 651,서울특별시 강동구 천호동 431-4,37.5397441,127.123315,02-471-3989
26,132,미니스톱 천호현대점,서울특별시,강동구,서울특별시 강동구 올림픽로70길 39,서울특별시 강동구 천호동 416-3,37.53935246,127.1258986,02-471-0213
27,133,세븐일레븐 천호쌍용점,서울특별시,강동구,서울특별시 강동구 올림픽로659,서울특별시 강동구 천호동 432-10,37.54030638,127.1235413,02-472-4610
28,134,세븐일레븐 천호역점,서울특별시,강동구,서울특별시 강동구 올림픽로 654,서울특별시 강동구 천호동 429-2,37.53985894,127.1240846,02-474-3969
29,135,GS25 천호후레쉬,서울특별시,강동구,서울특별시 강동구 천중로35길 11,서울특별시 강동구 천호동 112-5,37.5417564,127.1372655,02-475-2177
30,136,GS25 강동암사,서울특별시,강동구,서울특별시 강동구 고덕로20마길 29,서울특별시 강동구 암사동 469-30,37.5521612,127.1320255,070-7559-9279
31,137,GS25 암사성모,서울특별시,강동구,서울특별시 강동구 암사길54,서울특별시 강동구 암사동 478,37.55182627,127.1353017,02-441-6323
33,139,GS25 암사우성,서울특별시,강동구,서울특별시 강동구 구천면로361,서울특별시 강동구 암사동 422-13,37.55077724,127.1386887,02-428-7142
34,140,GS25 암사햇살,서울특별시,강동구,서울특별시 강동구 구천면로47가길 33,서울특별시 강동구 암사동 490-29,37.5489289,127.1328495,02-3426-5090
35,141,세븐일레븐 암사희망점,서울특별시,강동구,서울특별시 강동구 암사길25,서울특별시 강동구 암사동 469-17,37.551753,127.1320257,02-426-2385
36,142,CU 암사한강점,서울특별시,강동구,서울특별시 강동구 올림픽로104길 36,서울특별시 강동구 암사동 442-1,37.55547042,127.1316795,02-429-6359
37,143,GS25 암사현대,서울특별시,강동구,서울특별시 강동구 고덕로27길 28,서울특별시 강동구 암사동 400-5,37.5559112,127.1380327,02-426-8549
38,144,GS25 둔촌프라자,서울특별시,강동구,서울특별시 강동구 천호대로198길 32,서울특별시 강동구 둔촌동 611-1,37.53453704,127.1480484,02-484-7264
39,145,CU 길동마루,서울특별시,강동구,서울특별시 강동구 양재대로1465,서울특별시 강동구 길동 412-8,37.5368082,127.1393134,02-475-2595
40,146,GS25 길동하이브,서울특별시,강동구,서울특별시 강동구 진황도로100,서울특별시 강동구 길동 456-2,37.5353382,127.1373813,02-420-4474
41,147,GS25 우성스타,서울특별시,강동구,서울특별시 강동구 양재대로114길 31,서울특별시 강동구 길동 393-7,37.53761173,127.1417854,02-474-4994
43,149,세븐일레븐 강동길동점,서울특별시,강동구,서울특별시 강동구 양재대로113길 22,서울특별시 강동구 길동 379-18,37.5382315,127.138742,02-477-2622
44,150,세븐일레븐 길동스위트점,서울특별시,강동구,서울특별시 강동구 양재대로111길 15,서울특별시 강동구 길동 413-1,37.53698126,127.1385858,02-487-1650
45,151,세븐일레븐 길동와이시티점,서울특별시,강동구,서울특별시 강동구 천호대로175길 42,서울특별시 강동구 길동 414-4,37.53650327,127.1374255,02-476-3434
46,152,세븐일레븐 길동으뜸점,서울특별시,강동구,서울특별시 강동구 천중로49길 26,서울특별시 강동구 길동338-3,37.5420442,127.1431272,02-484-7506
47,153,세븐일레븐 성내삼성점,서울특별시,강동구,서울특별시 강동구 성내로9길 35,서울특별시 강동구 성내동 534-7,37.5304459,127.1250701,02-470-2149
48,154,CU 성내새빛점,서울특별시,강동구,서울특별시 강동구 천호옛12길 18,서울특별시 강동구 성내동135-1,37.53471818,127.1254483,02-472-5524
49,155,GS25 성내스타,서울특별시,강동구,서울특별시 강동구 풍성로37길 41,서울특별시 강동구 성내동 139-4,37.53371897,127.1263146,02-475-1816
50,156,GS25 성내신공원,서울특별시,강동구,서울특별시 강동구 성안로13길 38,서울특별시 강동구 성내동 505-4,37.5318445,127.1302143,02-486-3945
51,157,GS25 성내이안,서울특별시,강동구,서울특별시 강동구 천호대로162길 34,서울특별시 강동구 성내동 25-1,37.53557687,127.1279515,02-482-4842
52,158,GS25 성내제일,서울특별시,강동구,서울특별시 강동구 천호대로170길 66,서울특별시 강동구 성내동 501-21,37.53260267,127.1320298,02-470-2006
53,159,GS25 성내하이츠,서울특별시,강동구,서울특별시 강동구 양재대로95길 47,서울특별시 강동구 성내동 410-4,37.53060359,127.1342117,02-483-5866
54,169,CU 가산원룸점,서울특별시,금천구,서울특별시 금천구 가산동 시흥대로153길 42,서울특별시 금천구 가산동 147-7,37.47720455,126.896092,02-856-1108
55,170,CU 독산시장점,서울특별시,금천구,서울특별시 금천구 독산동 시흥대로138길 13,서울특별시 금천구 독산동 988-13,37.47285733,126.8993912,02-830-6930
56,171,CU 시흥금빛점,서울특별시,금천구,서울특별시 금천구 시흥동 금하로 657 팔삼구빌딩,서울특별시 금천구 시흥동 839,37.45363719,126.904001,02-807-5882
57,172,CU 독산AK점,서울특별시,금천구,서울특별시 금천구 독산동 독산로72길 50,서울특별시 금천구 독산동 910-6,37.46833134,126.9045539,02-853-5613
58,173,GS25 금천금하로점,서울특별시,금천구,서울특별시 금천구 시흥동 독산로29길 13,서울특별시 금천구 시흥동 844-31,37.45604838,126.9047329,02-891-6525
59,174,GS25 금천왕창점,서울특별시,금천구,서울특별시 금천구 독산동 독산로106길 19,서울특별시 금천구 독산동 878-41,37.478054,126.9049435,02-866-1959
60,175,GS25 금천유진점,서울특별시,금천구,서울특별시 금천구 가산동 가산로5길 65,서울특별시 금천구 가산동 235-61,37.47348367,126.8909128,02-867-2232
61,176,GS25 금천중앙점,서울특별시,금천구,서울특별시 금천구 독산동 시흥대로 406,서울특별시 금천구 독산동 286-8,37.46965614,126.8984645,02-839-3117
62,177,GS25 금천태양점,서울특별시,금천구,서울특별시 금천구 독산동 시흥대로141길 47,서울특별시 금천구 독산동 144-49,37.47484337,126.8975384,02-855-3174
63,178,GS25 독산우림점,서울특별시,금천구,서울특별시 금천구 가산동 가산디지털1로 2 우림라이온스밸리 2차,서울특별시 금천구 가산동 680,37.46689472,126.8881642,02-2027-2278
64,179,GS25 독산우정점,서울특별시,금천구,서울특별시 금천구 독산동 독산로75길 34,서울특별시 금천구 독산동 196-21,37.46925504,126.9005498,02-869-4159
65,180,GS25 시흥별장점,서울특별시,금천구,서울특별시 금천구 시흥동 금하로24가길 4,서울특별시 금천구 시흥동 915,37.44908395,126.9087082,02-893-8722
67,232,GS25 관악봉천,서울특별시,관악구,서울특별시 관악구 봉천동 관악로17길 25 그린피아 오피스텔,서울특별시 관악구 봉천동 876-1,37.4806588,126.9502494,02-873-9368
69,234,GS25 관악원앙,서울특별시,관악구,서울특별시 관악구 봉천동 남부순환로218길 46,서울특별시 관악구 봉천동 878-1,37.479344,126.9500349,02-882-4442
70,235,GS25 관악푸르지오,서울특별시,관악구,서울특별시 관악구 봉천동 관악로30길 17,서울특별시 관악구 봉천동 16-6,37.4865146,126.9590056,02-882-0008
71,236,GS25 관악한일,서울특별시,관악구,서울특별시 관악구 남현동 승방2길 2,서울특별시 관악구 남현동 602-11,37.4739242,126.9813264,02-581-7071
74,239,GS25 남현번영,서울특별시,관악구,서울특별시 관악구 남현동 승방4길 27,서울특별시 관악구 남현동 602-38,37.4748374,126.9804277,02-445-5896
75,240,GS25 뉴신림로데오,서울특별시,관악구,서울특별시 관악구 신림동 봉천로6길 30,서울특별시 관악구 신림동 1454-1,37.488305,126.9254872,02-883-0983
77,242,GS25 봉천동신,서울특별시,관악구,서울특별시 관악구 봉천동 봉천로21나길 35,서울특별시 관악구 봉천동 649-54,37.4888351,126.9361745,02-875-0329
78,243,GS25 봉천번영,서울특별시,관악구,서울특별시 관악구 봉천동 관악로14가길 45,서울특별시 관악구 봉천동 1617-1,37.4764076,126.955539,02-883-2009
80,245,GS25 신림왕성,서울특별시,관악구,서울특별시 관악구 신림동 신림로 304,서울특별시 관악구 신림동 1641-38,37.4813242,126.9302139,02-888-8038
81,246,GS25 인헌마루,서울특별시,관악구,서울특별시 관악구 봉천동 인헌길 141,서울특별시 관악구 봉천동 180-205,37.4695203,126.9686101253,02-885-1900
82,247,미니스톱 관악정옥점,서울특별시,관악구,서울특별시 관악구 봉천동 관악로15길 39,서울특별시 관악구 봉천동 877-1,37.48031759,126.9501722,02-872-2002
83,248,미니스톱 보라매점,서울특별시,관악구,서울특별시 관악구 신림동 봉천로 214,서울특별시 관악구 신림동 1444-1,37.4896058,126.9252594,02-871-4124
84,249,미니스톱 봉천남부점,서울특별시,관악구,서울특별시 관악구 봉천동 남부순환로 1716 은혜빌딩,서울특별시 관악구 봉천동 930-39,37.48254046,126.9406005,02-889-8829
85,250,미니스톱 신대방역점,서울특별시,관악구,서울특별시 관악구 신림동 난곡로 348,서울특별시 관악구 신림동 514-20,37.4850057,126.9141143,02-4532-1570
86,251,미니스톱 신림본점,서울특별시,관악구,서울특별시 관악구 신림동 신림로 270,서울특별시 관악구 신림동 1641-99,37.4789558,126.9321539,02-3285-1160
87,252,미니스톱 신림양지점,서울특별시,관악구,서울특별시 관악구 신림동 신림로68길 10,서울특별시 관악구 신림동 1424-4,37.48643056,126.9299042,02-6508-1356
88,253,세븐일레븐 관악구청점 B,서울특별시,관악구,서울특별시 관악구 봉천동 관악로 154,서울특별시 관악구 봉천동 1598-1,37.47891662,126.9526427,02-885-4391
90,255,세븐일레븐 봉천1호점,서울특별시,관악구,서울특별시 관악구 봉천동 남부순환로 1766,서울특별시 관악구 봉천동 913-1,37.4817008322,126.9461146,02-877-0450
91,256,세븐일레븐 봉천해주점,서울특별시,관악구,서울특별시 관악구 봉천동 봉천로 466 해주타워,서울특별시 관악구 봉천동 870-1,37.48200947,126.9516381875,02-877-7873
92,257,세븐일레븐 서울대동아점,서울특별시,관악구,서울특별시 관악구 봉천동 관악로 167,서울특별시 관악구 봉천동 862-9,37.480338059,126.9521929268,02-884-5108
93,258,세븐일레븐 서울대서진점,서울특별시,관악구,서울특별시 관악구 봉천동 관악로17길 3 서진빌딩,서울특별시 관악구 봉천동 868-1,37.480606,126.9515086,02-871-0297
94,259,세븐일레븐 세븐일레븐 신림녹두점,서울특별시,관악구,서울특별시 관악구 신림동 신림로 97 밀라트 가동,서울특별시 관악구 신림동 240-3,37.4703171796,126.9386689684,02-871-1903
123,480,CU 관악샛별점,서울특별시,관악구,서울특별시 관악구 신림동 조원로 87,서울특별시 관악구 신림동 533-26,37.4846021,126.911933,02-830-6288
124,481,CU 관악에스식스점,서울특별시,관악구,서울특별시 관악구 신림동 양지5길 2,서울특별시 관악구 신림동 378-4,37.4715575,126.9312811,02-882-6925
173,573,세븐일레븐올림픽점,서울특별시,송파구,서울특별시 송파구 양재대로1222,서울특별시 송파구 방이동 89-11,37.515763,127.1310621442,02-401-2282
174,574,세븐일레븐잠실1호점,서울특별시,송파구,서울특별시 송파구 백제고분로127,서울특별시 송파구 잠실동 228-9,37.5064266,127.0814057,02-425-4851
175,575,세븐일레븐잠실광장점,서울특별시,송파구,서울특별시 송파구 삼전로9길6,"서울특별시 송파구 잠실동 245-16, 103호",37.5063446565,127.0887648,02-412-9411
176,576,세븐일레븐장지대진점,서울특별시,송파구,서울특별시 송파구 충민로2길26,"서울특별시 송파구 장지동 841-3, 장지택지개발지구 D-2 대진프라자 104호",37.4774338844,127.1273593754,02-403-8767
177,577,세븐일레븐풍납점,서울특별시,송파구,서울특별시 송파구 토성로 40,서울특별시 송파구 풍납동265-7,37.5297772846,127.114631,02-474-5874
178,578,세븐일레븐훼미리점,서울특별시,송파구,서울특별시 송파구 중대로24,서울특별시 송파구 문정동 150,37.4881254764,127.1110590234,02-448-2116
179,579,씨스페이스잠실점,서울특별시,송파구,서울특별시 송파구 백제고분로12길10,서울특별시 송파구 잠실동 297-3,37.505325,127.080798,02-413-3986
188,601,GS25석촌한빛점,서울특별시,송파구,"서울특별시 송파구 가락로5길25, 1층","서울특별시 송파구 석촌동 245-27, 1층",37.501508801,127.101271,02-416-9146
189,602,GS25송파센타점,서울특별시,송파구,서울특별시 송파구 백제고분로41길9,"서울특별시 송파구 송파동 17-10, 1층",37.506936,127.1080702,02-413-9815
190,603,GS25송파위례점,서울특별시,송파구,서울특별시 송파구 위례광장로 121,서울특별시 송파구 장지동 393,37.4768666618,127.1382161837,02-404-6540
191,604,GS25송파일신점,서울특별시,송파구,서울특별시 송파구 송파대로36가길1,서울특별시 송파구 송파동180-4,37.5010209235,127.114575,02-424-1571
192,605,GS25오금후레쉬점,서울특별시,송파구,서울특별시 송파구 동남로23길 29,"서울특별시 송파구 오금동 58-10, 1층",37.502123,127.1338114263,02-403-2526
193,606,GS25위례푸르지오점,서울특별시,송파구,서울특별시 송파구 위례광장로185,서울특별시 송파구 장지동 878 상가동 103호,37.48020939,127.1397599524,02-404-3544
194,607,GS25잠실경기장점,서울특별시,송파구,서울특별시 송파구 올림픽로 25,서울특별시 송파구 잠실동 10-1,37.516199771,127.0759402513,02-413-5770
195,608,미니스톱방이본점,서울특별시,송파구,서울특별시 송파구 백제고분로48길10,서울특별시 송파구 방이동 112,37.511358,127.114276,02-417-3188
196,609,미니스톱방이올림픽점,서울특별시,송파구,서울특별시 송파구 오금로11길59,서울특별시 송파구 방이동 49-5,37.515261,127.113569,02-417-4518
197,610,미니스톱삼전점,서울특별시,송파구,서울특별시 송파구 백제고분로22길9,서울특별시 송파구 삼전동 46,37.502913,127.089247,02-418-1237
198,611,미니스톱송파삼성점,서울특별시,송파구,서울특별시 송파구 가락로28길15,서울특별시 송파구 송파동 148-3,37.5058044,127.117623,02-3432-3325
199,612,세븐일레븐가락송이점,서울특별시,송파구,서울특별시 송파구 송이로160,서울특별시 송파구 가락동 120,37.492723,127.1249067003,02-431-0711
200,613,세븐일레븐가락점,서울특별시,송파구,서울특별시 송파구 송이로111,서울특별시 송파구 가락동 57,37.496710135,127.122109,02-401-3002
201,614,세븐일레븐개롱점,서울특별시,송파구,서울특별시 송파구 오금로46길3,서울특별시 송파구 가락동 175-13,37.496642,127.1366016046,02-449-0711
202,615,세븐일레븐문정공원점,서울특별시,송파구,"서울특별시 송파구 문정로4길 10, 1층","서울특별시 송파구 문정동 63-8, 1층",37.485352,127.1260251263,02-400-4205
203,616,세븐일레븐문정하비오2호점,서울특별시,송파구,"서울특별시 송파구 송파대로111, 하비오길중앙로11동113,114호",서울특별시 송파구 문정동 418,37.4796673949,127.1249120491,02-400-1372
204,617,세븐일레븐석촌3호점,서울특별시,송파구,서울특별시 송파구 백제고분로354,서울특별시 송파구 석촌동 285-4,37.504247,127.105601,02-412-6496
205,618,세븐일레븐석촌불광점,서울특별시,송파구,서울특별시 송파구 백제고분로39길38,서울특별시 송파구 석촌동 182,37.507409,127.103232,02-417-6794
206,619,세븐일레븐송파4호점,서울특별시,송파구,서울특별시 송파구 백제고분로27길41,서울특별시 송파구 삼전동 22-20,37.506647,127.0938843,02-2203-0518
207,620,세븐일레븐송파거여점,서울특별시,송파구,서울특별시 송파구 양산로8길5,서울특별시 송파구 거여동 348,37.491931,127.144542,02-431-8880
208,621,세븐일레븐송파구청본점,서울특별시,송파구,서울특별시 송파구 올림픽로32길29,서울특별시 송파구 방이동 70,37.513524,127.109971,02-412-0348
209,622,세븐일레븐송파석촌점,서울특별시,송파구,"서울특별시 송파구 백제고분로34길8, 101호","서울특별시 송파구 석촌동 211-5, 101호",37.501737,127.0986028756,02-412-1645
210,623,세븐일레븐송파역점,서울특별시,송파구,서울특별시 송파구 송파대로38길2-9,"서울특별시 송파구 송파동 195-6, 101호",37.5001123,127.112449,02-412-5417
211,624,세븐일레븐송파점,서울특별시,송파구,서울특별시 송파구 송이로18,서울특별시 송파구 송파동 100-1,37.503324,127.115816,02-419-7033
212,625,세븐일레븐송파중앙점,서울특별시,송파구,서울특별시 송파구 삼전로13길49,서울특별시 송파구 잠실동 231-4,37.50771698,127.084931,02-412-4210
213,626,세븐일레븐송파초교점,서울특별시,송파구,서울특별시 송파구 백제고분로44길6,서울특별시 송파구 송파동 132-16,37.5073415346,127.111658,02-422-7097
214,627,세븐일레븐신천본점,서울특별시,송파구,서울특별시 송파구 백제고분로9길30,서울특별시 송파구 잠실동 203,37.5096180915,127.0824302827,02-419-3542
215,628,세븐일레븐신천제일점,서울특별시,송파구,서울특별시 송파구 백제고분로7길 42-25,서울특별시 송파구 잠실동 206,37.509716,127.0840003562,02-418-5390
216,629,세븐일레븐오금현대점,서울특별시,송파구,서울특별시 송파구 오금로35길18,서울특별시 송파구 오금동 46-4,37.504507325,127.127372,02-400-1731
217,630,미니스톱 동부이촌점,서울특별시,용산구,"서울특별시 용산구 이촌로 303 현대A 제21동 제104호-나호, 제105호-가호","서울특별시 용산구 이촌동 301-160 현대A 제21동 제104호-나호, 제105호-가호",37.51868,126.980669,02-749-1371
218,631,세븐일레븐 산천점,서울특별시,용산구,서울특별시 용산구 효창원로 18,서울특별시 용산구 산천동 77-4,37.534446983,126.9516885311,02-719-8691
219,632,세븐일레븐 용산만리재점,서울특별시,용산구,서울특별시 용산구 만리재로 164,서울특별시 용산구 서계동237-7,37.5532644938,126.9648267465,02-701-5196
220,633,세븐일레븐 용산아이파크몰점,서울특별시,용산구,서울특별시 용산구 한강대로23길 55 IPark Mall 3층,서울특별시 용산구 한강로3가40-999 IPark Mall 3층 980호,37.529701,126.964382,02-2012-1313
221,634,세븐일레븐 용산아크로타워점,서울특별시,용산구,서울특별시 용산구 백범로90길 26 용산아크로타워 103,서울특별시 용산구 문배동 24-21 용산아크로타워 103,37.537093,126.9688,02-711-0703
222,635,세븐일레븐 용산후암진흥점,서울특별시,용산구,서울특별시 용산구 후암로 29,서울특별시 용산구 후암동105-64,37.548541,126.9775575246,02-318-3153
223,636,세븐일레븐 한남UN점,서울특별시,용산구,서울특별시 용산구 독서당로 86,서울특별시 용산구 한남동 28-11,37.534208,127.010074,02-792-5860
224,637,세븐일레븐 청파제일점,서울특별시,용산구,서울특별시 용산구 청파로73길 7 1층,서울특별시 용산구 청파로1가 43 1층,37.549856,126.969205,02-701-2817
225,638,세븐일레븐 보광우사단로점,서울특별시,용산구,서울특별시 용산구 우사단로2길 12,서울특별시 용산구 보광동 238-1,37.530555,126.997402403,02-790-2848
226,639,세븐일레븐 용산서부이촌점,서울특별시,용산구,서울특별시 용산구 이촌로14길 11-6 101호,서울특별시 용산구 이촌동 206-27 101호,37.527295,126.954221,02-701-0618
227,640,세븐일레븐 숙대사랑점,서울특별시,용산구,서울특별시 용산구 청파동2가 청파로 47나길 35,서울특별시 용산구 청파동2가 8-23,37.5464392707,126.9674099955,02-714-5315
228,641,CU가락극동점,서울특별시,송파구,서울특별시 송파구 동남로18길14,서울특별시 송파구 가락동 194-2,37.494746,127.131939,02-424-8808
229,642,CU문정공원점,서울특별시,송파구,서울특별시 송파구 송이로31길6,서울특별시 송파구 문정동 121-7,37.4884138867,127.131951,02-3012-8664
230,643,CU방이가락로점,서울특별시,송파구,서울특별시 송파구 가락로42길14,서울특별시 송파구 방이동 162,37.5120356442,127.1209664832,02-412-1213
231,644,CU방이방산점,서울특별시,송파구,서울특별시 송파구 마천로2,서울특별시 송파구 방이동 211-6,37.5103270653,127.1212141,02-424-2100
232,645,CU오금공원점,서울특별시,송파구,서울특별시 송파구 마천로138,서울특별시 송파구 오금동 72-9,37.5045019,127.134721,02-431-6772
233,646,CU잠실갤러리아점,서울특별시,송파구,서울특별시 송파구 올림픽로212,서울특별시 송파구 잠실동 40,37.5106904977,127.0941989804,02-421-6103
234,647,CU잠실현대점,서울특별시,송파구,서울특별시 송파구 백제고분로20길 7-1,서울특별시 송파구 잠실동 337-3,37.5040051,127.086217,02-418-1286
235,648,GS25마천공원점,서울특별시,송파구,서울특별시 송파구 거마로24길5,서울특별시 송파구 마천동 47-7,37.499875,127.1482013,02-403-7612
236,649,GS25문정바른점,서울특별시,송파구,서울특별시 송파구 새말로8길 27,서울특별시 송파구 문정동 76-1,37.480231,127.126962,02-2043-8359
237,650,GS25문정중앙점,서울특별시,송파구,서울특별시 송파구 문정로4길 10-30,"서울특별시 송파구 문정동 61-7, 1층",37.4855062618,127.1245773,02-449-4575
238,651,GS25문정퍼스트점,서울특별시,송파구,서울특별시 송파구 새말로154,"서울특별시 송파구 장지동 99-7, 1층 3,4호",37.484325,127.1306048699,02-406-0311
239,652,GS25방이도곡점,서울특별시,송파구,서울특별시 송파구 올림픽로32길59,서울특별시 송파구 방이동 107-3,37.512127,127.112776,02-3431-5578
240,653,GS25방이번영점,서울특별시,송파구,서울특별시 송파구 위례성대로18길 28,서울특별시 송파구 방이동 203-4,37.510038497,127.1249231,02-416-3677
241,654,GS25방이시장점,서울특별시,송파구,서울특별시 송파구 백제고분로48길 38,서울특별시 송파구 방이동 122-7,37.5103205057,127.1170186085,02-415-3669
242,655,GS25삼전나루점,서울특별시,송파구,서울특별시 송파구 백제고분로21길34,서울특별시 송파구 삼전동 16,37.5065047,127.0914069957,02-3431-7113
243,656,GS25삼전백제점,서울특별시,송파구,서울특별시 송파구 삼학사로13길13,서울특별시 송파구 삼전동 120,37.5032291326,127.095501501,02-6084-8089
244,657,GS25삼전학교점,서울특별시,송파구,서울특별시 송파구 백제고분로28길41,서울특별시 송파구 삼전동 69-13,37.4993223494,127.0909501,02-420-4448
245,659,CU 용산자이점,서울특별시,용산구,서울특별시 용산구 삼개로 60,서울특별시 용산구 청암동 181,37.5350723549,126.9476421501,02-711-5386
246,660,CU 용산한강로점,서울특별시,용산구,"서울특별시 용산구 한강대로43길 13, 한강로대우아이빌",서울특별시 용산구 한강로2가 2-11번지 한강로대우아이빌,37.53152,126.969145207,02-795-4163
247,661,CU 용산한강진,서울특별시,용산구,서울특별시 용산구 이태원로54길 11,서울특별시 용산구 한남동 682-23,37.537842,127.002029,02-749-1451
248,662,CU 용산한남점,서울특별시,용산구,서울특별시 용산구 한남대로 158,서울특별시 용산구 한남동 795-2번지 102호,37.542454112,127.0027066368,02-749-3930
249,663,CU 용산해방촌점,서울특별시,용산구,서울특별시 용산구 신흥로7길 1,서울특별시 용산구 용산동2가 39-16번지,37.5419236596,126.987162,02-749-4634
250,664,CU 원효대로점,서울특별시,용산구,서울특별시 용산구 원효로 154,서울특별시 용산구 원효로3가 51-7번지,37.5344250052,126.9604230748,02-702-7773
251,665,CU 원효로2가점,서울특별시,용산구,서울특별시 용산구 원효로58길 28,서울특별시 용산구 원효로2가 61-7번지,37.534914,126.963302,02-717-7539
252,666,CU 이태원햇살점,서울특별시,용산구,서울특별시 용산구 녹사평대로40나길 53,서울특별시 용산구 이태원동 368-4번지,37.5368998436,126.988708,02-790-9413
253,667,CU 이태원힐점,서울특별시,용산구,서울특별시 용산구 우사단로4길 1,서울특별시 용산구 이태원동 20-5번지,37.5315051402,126.9967371239,02-790-6455
254,668,CU 한강로벽산점,서울특별시,용산구,"서울특별시 용산구 한강대로43길 8, 벽산메가트리움 104동 201호",서울특별시 용산구 한강로2가 2-8번지 벽산메가트리움 104동 201호,37.5325825129,126.9697512107,02-3215-8989
255,669,CU 동부이촌점,서울특별시,용산구,서울특별시 용산구 이촌로 248 (한강맨숀),서울특별시 용산구 이촌동300-23번지 한강맨숀,37.5193858674,126.975027878,02-792-2686
256,670,GS25 보광사랑,서울특별시,용산구,"서울특별시 용산구 장문로45길 73, 1층","서울특별시 용산구 보광동 264-52, 1층",37.5291661852,127.000239,02-798-3725
257,671,GS25 용산그린,서울특별시,용산구,서울특별시 용산구 두텁바위로 13,서울특별시 용산구 갈월동 53-19,37.545516,126.9739192681,02-771-3583
258,672,GS25 이촌무궁화점,서울특별시,용산구,서울특별시 용산구 이촌로72길 62,서울특별시 용산구 이촌동 302-17,37.517876,126.9708521381,02-790-2533
260,674,미니스톱 서울역점,서울특별시,용산구,서울특별시 용산구 청파로 395,서울특별시 용산구 서계동 219-1 창성빌딩 1층,37.5548657685,126.968776,02-3275-3220
261,675,미니스톱 용산시티점,서울특별시,용산구,서울특별시 용산구 서빙고로 35,서울특별시 용산구 한강로3가 63-389 102동,37.5247687282,126.9686095206,02-3785-1175
262,676,미니스톱 원효로점,서울특별시,용산구,서울특별시 용산구 원효로53길 8,서울특별시 용산구 원효로2가 80-19,37.5360221376,126.962105,02-711-3073
286,715,세븐일레븐 연신내점,서울특별시,은평구,서울특별시 은평구 통일로 822,서울특별시 은평구 불광동 302-16,37.6171730992,126.9232223079,02-351-6234
287,716,세븐일레븐 응암중앙점,서울특별시,은평구,서울특별시 은평구 가좌로7길 6,서울특별시 은평구 응암동 745-16,37.5870613985,126.9202122292,02-351-6234
288,717,세븐일레븐 연신내행복점,서울특별시,은평구,서울특별시 은평구 통일로80길 9,서울특별시 은평구 불광동 312-129,37.6200513506,126.9216731851,02-351-6234
289,718,세븐일레븐 구산연서로점,서울특별시,은평구,서울특별시 은평구 연서로9길 14,서울특별시 은평구 구산동 23-9,37.6076443975,126.913592935,02-351-6234
290,719,세븐일레븐 응암제일점,서울특별시,은평구,서울특별시 은평구 가좌로10길 29,서울특별시 은평구 응암동 579-7,37.5934701761,126.9168434945,02-351-6234
291,720,세븐일레븐 은평행운점,서울특별시,은평구,서울특별시 은평구 진관3로 15-35,서울특별시 은평구 진관동 28,37.6419735832,126.9182267044,02-351-6234
292,721,CU 당산중앙점,서울특별시,영등포구,서울특별시 영등포구 당산로49길 6,서울특별시 영등포구 당산동 6가 324-5,37.535542,126.902427,02-2068-8496
293,722,CU 대림디지털점,서울특별시,영등포구,서울특별시 영등포구 디지털로 404,서울특별시 영등포구 대림동 868-15,37.492568,126.9036604,02-831-7091
294,723,CU 문래한신점,서울특별시,영등포구,서울특별시 영등포구 문래로20길 14,서울특별시 영등포구 문래동3가 77-2 문래공원한신아파트,37.51713467,126.8933186,02-2632-0026
295,724,CU 선유도역점,서울특별시,영등포구,서울특별시 영등포구 양평로22길 21,서울특별시 영등포구 양평동5가 106-1,37.53980867,126.8946576,02-2062-5266
296,725,CU 신길오피스점,서울특별시,영등포구,서울특별시 영등포구 경인로114나길 5-1,서울특별시 영등포구 영등포동1가54,37.517311,126.9132052,02-2671-3218
297,726,CU 여의도아이비점,서울특별시,영등포구,서울특별시 영등포구 국제금융로 86,서울특별시 영등포구 여의도동 43-4 롯데캐슬아이비,37.52020495,126.9318022,02-780-9227
298,727,CU 여의동산점,서울특별시,영등포구,서울특별시 영등포구 여의대방로417,서울특별시 영등포구 여의도동41-2 대교상가 비,37.521033,126.9343081,02-783-8400
299,728,GS25 당산양남점,서울특별시,영등포구,서울특별시 영등포구 선유동1로 12-1,서울특별시 영등포구 당산동2가 111,37.52320971,126.891845,02-2636-7211
300,729,GS25 대림본점,서울특별시,영등포구,서울특별시 영등포구 디지털로54가길 2,서울특별시 영등포구 대림2동 1024-11,37.48881902,126.902996,02-848-5070
301,730,GS25 대림역점,서울특별시,영등포구,서울특별시 영등포구 대림로29길 43,서울특별시 영등포구 대림3동 808-26,37.493751,126.895409,02-832-5931
302,731,GS25 대림으뜸점,서울특별시,영등포구,서울특별시 영등포구 도림로41길 6,서울특별시 영등포구 대림3동 710,37.494474,126.898262,02-848-1964
303,732,GS25 동여의점,서울특별시,영등포구,서울특별시 영등포구 여의대방로65길 23,서울특별시 영등포구 여의도동 45-13 필지포레스텔빌딩101,37.5201347,126.9288023,02-785-2524
304,733,GS25 문래LG점,서울특별시,영등포구,서울특별시 영등포구 당산로 34,서울특별시 영등포구 문래동3가 55-5,37.517425,126.8964798,02-2633-4993
305,734,GS25 문래공원점,서울특별시,영등포구,서울특별시 영등포구 도림로 441-1,서울특별시 영등포구 문래동2가 15-1,37.51443934,126.893816,02-2633-6262
306,773,CU 선정송이점,서울특별시,은평구,"서울특별시 은평구 서오릉로20길 20-1, 선정쉐르빌",서울특별시 은평구 갈현동 327-135,37.6171558669,126.9095736545,02-351-6234
307,774,CU 응암에이스점,서울특별시,은평구,서울특별시 은평구 가좌로7다길 7,서울특별시 은평구 응암동 732-9,37.5853091604,126.9182956852,02-351-6234
308,775,GS25 구산가온점,서울특별시,은평구,서울특별시 은평구 서오릉로17길 18 1층,서울특별시 은평구 구산동 363-17,37.613580551,126.9082312078,02-351-6234
309,776,GS25 녹번점,서울특별시,은평구,서울특별시 은평구 통일로 685,서울특별시 은평구 녹번동 117-61,37.607348247,126.9324541939,02-351-6234
310,777,GS25 불광래미안점,서울특별시,은평구,서울특별시 은평구 진흥로 267-16,서울특별시 은평구 불광동 638-1,37.6115593135,126.9376446803,02-351-6234
311,778,GS25 불광역점,서울특별시,은평구,서울특별시 은평구 통일로 750,서울특별시 은평구 불광동 267-1,37.6123009903,126.9286072738,02-351-6234
312,779,GS25 역촌진흥점,서울특별시,은평구,"서울특별시 은평구 진흥로1길 49, 1층",서울특별시 은평구 역촌동 23-1,37.6048277433,126.9182205613,02-351-6234
313,780,GS25 연신내제일점,서울특별시,은평구,"서울특별시 은평구 연서로26길 11, 유성빌딩 1층",서울특별시 은평구 대조동 196-25,37.6168516666,126.9208162306,02-351-6234
314,781,GS25 은평보람점,서울특별시,은평구,"서울특별시 은평구 연서로21길 24-1, 1층",서울특별시 은평구 갈현동 486-22,37.6153186659,126.9152012504,02-351-6234
315,782,GS25 은평영화점,서울특별시,은평구,"서울특별시 은평구 연서로27길 14, 영화빌딩",서울특별시 은평구 갈현동 454-27,37.6181569891,126.9179051283,02-351-6234
316,783,GS25 응암역점,서울특별시,은평구,"서울특별시 은평구 연서로 1, 리더스파크",서울특별시 은평구 역촌동 85-41,37.5993656852,126.9155036071,02-351-6234
317,784,GS25 불광타운점,서울특별시,은평구,"서울특별시 은평구 연서로 289, 1층",서울특별시 은평구 불광동 422-4,37.621585217,126.9261705156,02-351-6234
318,785,GS25 은평불광점,서울특별시,은평구,"서울특별시 은평구 연서로 274, 1층",서울특별시 은평구 불광동 353-59,37.6205881488,126.9250096219,02-351-6234
319,786,GS25 연신내으뜸점,서울특별시,은평구,"서울특별시 은평구 연서로28길 6, 1층",서울특별시 은평구 대조동 198-3,37.6181653234,126.9206595556,02-351-6234
320,787,GS25 신사드림점,서울특별시,은평구,"서울특별시 은평구 갈현로4길 26, 웅자하우스 1층",서울특별시 은평구 신사동 1-50,37.6011657617,126.9130330605,02-351-6234
321,788,GS25 은평뉴타운점,서울특별시,은평구,"서울특별시 은평구 진관2로 77, 은평뉴타운우물골 206-B108",서울특별시 은평구 진관동 83,37.6343394313,126.926997485,02-351-6234
322,789,GS25 갈현파크점,서울특별시,은평구,"서울특별시 은평구 갈현로25길 14, 갈현파크빌",서울특별시 은평구 갈현동 515-18,37.6174612776,126.913595572,02-351-6234
323,790,GS25 불광힐스테이트점,서울특별시,은평구,"서울특별시 은평구 통일로 796, 북한산힐스테이트7차 상가",서울특별시 은평구 불광동 643,37.6156454826,126.9254333509,02-351-6234
324,791,GS25 은평진관점,서울특별시,은평구,"서울특별시 은평구 진관4로 37, 101호",서울특별시 은평구 진관동 14,37.6445151287,126.9253301543,02-351-6234
325,792,미니스톱 연신내동명점,서울특별시,은평구,"서울특별시 은평구 연서로28길 20-1, 1층",서울특별시 은평구 대조동 196-8,37.6170583127,126.9218595925,02-351-6234
326,793,세븐일레븐 불광중앙점,서울특별시,은평구,"서울특별시 은평구 통일로78길 12-4, 1층",서울특별시 은평구 불광동 301-92,37.6179600371,126.9239370026,02-351-6234
391,934,CU 관악리베로점,서울특별시,관악구,서울특별시 관악구 신림동 신림동길 38,서울특별시 관악구 신림동 1457-10,37.48688874,126.9244693,02-883-0963
392,953,GS25 망원중앙,서울특별시,마포구,서울특별시 마포구 월드컵로 126 GS25 망원중앙,서울특별시 마포구 성산동 260-39 GS25 망원중앙,37.559499,126.907229,02-3144-6685
393,954,GS25 마포도화,서울특별시,마포구,서울특별시 마포구 도화2길 2 GS25 마포도화,서울특별시 마포구 도화동 344 GS25 마포도화,37.540322,126.948562,02-3272-2225
396,957,GS25 연남공원,서울특별시,마포구,서울특별시 마포구 동교로29길 32 GS25 연남공원,서울특별시 마포구 연남동 257-23 GS25 연남공원,37.561863,126.923245,02-324-7978
397,958,GS25 연남타운,서울특별시,마포구,서울특별시 마포구 월드컵북로6길 69 GS25 연남타운,서울특별시 마포구 월드컵북로6길 69(연남동 567-11) GS25 연남타운,37.559695,126.921725,070-8959-3702
398,959,GS25 서교본,서울특별시,마포구,서울특별시 마포구 동교로17안길 51 GS25 서교본,서울특별시 마포구 동교로17안길 51 (서교동 448-25) GS25 서교본,37.556496,126.918738,02-322-2520
404,965,CU 서교중앙점,서울특별시,마포구,서울특별시 마포구 잔다리로 96 CU 서교중앙점,서울특별시 마포구 서교동 459-1번지 CU 서교중앙점,37.555717,126.915309,02-322-4591
405,966,CU 한강시민공원점,서울특별시,마포구,서울특별시 마포구 망원로 8 CU 한강시민공원점,서울특별시 마포구 망원동 462-14번지 CU 한강시민공원점,37.555663,126.897767,02-336-2044
408,969,CU 서교3호점,서울특별시,마포구,서울특별시 마포구 양화로 100-13 CU 서교3호점,서울특별시 마포구 서교동 370-18번지 CU 서교3호점,37.552456,126.919283,070-7778-5347
409,970,CU 홍대3호점,서울특별시,마포구,서울특별시 마포구 와우산로29길 16 CU 홍대3호점,서울특별시 마포구 서교동 328-13번지 CU 홍대3호점,37.554995,126.928968,02-325-2237
411,972,CU 합정태양점,서울특별시,마포구,서울특별시 마포구 독막로5길 5 CU 합정태양점,서울특별시 마포구 합정동 412-8번지 CU 합정태양점,37.548433,126.917825,02-333-6354
412,973,CU 마포마이다스점,서울특별시,마포구,서울특별시 마포구 월드컵로36길 18 CU 마포마이다스점,서울특별시 마포구 월드컵로 36길 18 삼라마이다스 101호 CU 마포마이다스점,37.566248,126.903395,02-304-2382
413,974,CU 망원월드컵점,서울특별시,마포구,서울특별시 마포구 망원로 95 CU 망원월드컵점,서울특별시 마포구 망원로 95 CU 망원월드컵점,37.557904,126.907252,02-335-1589
414,975,CU 마포구청점,서울특별시,마포구,서울특별시 마포구 월드컵로 139 CU 마포구청점,서울특별시 마포구 월드컵로 139 (망원동) CU 마포구청점,37.560216,126.905894,02-3141-4928
415,976,CU 상암4단지점,서울특별시,마포구,서울특별시 마포구 월드컵북로 381 CU 상암4단지점,서울특별시 마포구 월드컵북로 381 (상암동) 111 CU 상암4단지점,37.578042,126.889863,02-308-5287
416,977,CU 서교타워점,서울특별시,마포구,서울특별시 마포구 양화로 133 CU 서교타워점,서울특별시 마포구 양화로 133 CU 서교타워점,37.555183,126.920953,02-3141-3117
417,978,CU 아현뉴타운점,서울특별시,마포구,서울특별시 마포구 마포대로11길 50 CU 아현뉴타운점,서울특별시 마포구 마포대로 11길 50 CU 아현뉴타운점,37.550211,126.951162,02-313-0917
419,980,세븐일레븐 서교2호점,서울특별시,마포구,서울특별시 마포구 독막로7길 16 세븐일레븐 서교2호점,"서울특별시 마포구 서교동 401-10, 8 세븐일레븐 서교2호점",37.5485576449,126.918977491,02-324-8247
420,981,세븐일레븐 마포연남점,서울특별시,마포구,서울특별시 마포구 성미산로 142 세븐일레븐 마포연남점,서울특별시 마포구 연남동 252-1 세븐일레븐 마포연남점,37.563593,126.922269,02-3141-9809
421,982,세븐일레븐 당인동점,서울특별시,마포구,서울특별시 마포구 어울마당로 26 세븐일레븐 당인동점,서울특별시 마포구 당인동 12-1 세븐일레븐 당인동점,37.547433,126.919899,02-3142-7562
422,983,세븐일레븐 합정역점,서울특별시,마포구,서울특별시 마포구 양화로 56 세븐일레븐 합정역점,서울특별시 마포구 서교동 394-30 세븐일레븐 합정역점,37.549726,126.914929,02-334-0714
423,984,세븐일레븐 서교삼양점,서울특별시,마포구,서울특별시 마포구 양화로6길 9-28 세븐일레븐 서교삼양점,서울특별시 마포구 서교동 394-67 삼양빌딩 1층 세븐일레븐 서교삼양점,37.550091,126.915945,02-3144-3821
424,985,세븐일레븐 마포아크로타워점,서울특별시,마포구,서울특별시 마포구 마포대로 68 세븐일레븐 마포아크로타워점,서울특별시 마포구 도화동 563 마포아크로타워 101 세븐일레븐 마포아크로타워점,37.541262,126.948967,02-703-0779
426,987,세븐일레븐 망원대림점,서울특별시,마포구,서울특별시 마포구 망원로1길 28 세븐일레븐 망원대림점,서울특별시 마포구 망원동431-55 세븐일레븐 망원대림점,37.557564,126.899753,02-322-0211
428,989,세븐일레븐 서교2점 B,서울특별시,마포구,서울특별시 마포구 월드컵북로1길 18 세븐일레븐 서교2점 B,서울특별시 마포구 서교동 351-9 승원빌딩 1층 세븐일레븐 서교2점 B,37.555059,126.920162,02-325-3223
439,1023,CU 숙대도서관점,서울특별시,용산구,서울특별시 용산구 청파로43길 70,서울특별시 용산구 청파동3가 114-3번지,37.5441685816,126.966749,02-719-5043
440,1024,CU 신용산점,서울특별시,용산구,"서울특별시 용산구 한강대로 142, 108호",서울특별시 용산구 한강로2가 93-4번지 108호,37.5318944168,126.970819509,02-795-0058
441,1025,CU 용산보광점,서울특별시,용산구,서울특별시 용산구 장문로 119,서울특별시 용산구 보광동 22-1번지,37.527115,127.002441,02-794-2124
442,1026,CU 용산신창점,서울특별시,용산구,서울특별시 용산구 원효로35길 50,서울특별시 용산구 신창동 59-4번지,37.535262,126.955604,02-702-0761
443,1027,CU 용산원효로점,서울특별시,용산구,서울특별시 용산구 원효로 73,서울특별시 용산구 원효로4가 117-8번지,37.532734,126.952116,02-704-4827
463,1111,cu 상도약수점,서울특별시,동작구,서울특별시 동작구 양녕로28길 4,서울특별시 동작구 상도동 211-225,37.49905233,126.9443335,02-812-3377
464,1112,세븐일레븐 리버파크점,서울특별시,동작구,"서울특별시 동작구 만양로 19 201,202호",서울특별시 동작구 노량진동 325,37.50707192,126.9457209,02-812-2394
465,1113,세븐일레븐 상도한마을점,서울특별시,동작구,서울특별시 동작구 성대로 32,서울특별시 동작구 상도동 312-1,37.49916539,126.9330246,02-813-2079
466,1114,cu 사당갯마을점,서울특별시,동작구,서울특별시 동작구 동작대로43길 1 환빌딩B,서울특별시 동작구 동작동 102-31,37.49638994,126.9823317,02-595-7435
467,1115,cu 신대방사랑점,서울특별시,동작구,서울특별시 동작구 여의대방로22카길 34,서울특별시 동작구 신대방동 360-115,37.49687238,126.9255856,02-823-4678
468,1116,gs25 동작우체국,서울특별시,동작구,서울특별시 동작구 여의대방로 22길78,서울특별시 동작구 신대방동 361-55,37.4977077,126.9242956,02-3280-0196
469,1117,gs25 동작역점,서울특별시,동작구,"서울특별시 동작구 현충로 257,431-02호",서울특별시 동작구 동작동 327-1,37.50286965,126.9802674,080-855-5525
470,1118,미니스톱 대방점,서울특별시,동작구,서울특별시 동작구 상도로 69,서울특별시 동작구 대방동 393-65,37.49995916,126.9283781,02-823-8148
472,1120,세븐일레븐 대방점,서울특별시,동작구,서울특별시 동작구 등용로 119,서울특별시 동작구 대방동 37-2,37.51176073,126.9317691,02-815-8373
473,1121,세븐일레븐 보라매점,서울특별시,동작구,서울특별시 동작구 보라매로5가길 16 아카데미 1층,서울특별시 동작구 신대방동 395-69,37.49127438,126.924094,02-833-2460
474,1122,세븐일레븐 대방성남점,서울특별시,동작구,서울특별시 동작구 대방동길 71,서울특별시 동작구 대방동 376-5,37.504455,126.925189,02-812-7573
476,1124,세븐일레븐 신대방삼거리점,서울특별시,동작구,서울특별시 동작구 보라매로 113 코스모빌딩 104,서울특별시 동작구 대방동 405-11,37.49972183,126.928223,02-812-7540
478,1126,세븐일레븐 사당남성점,서울특별시,동작구,서울특별시 동작구 사당로14길 30,서울특별시 동작구 사당동 272-38,37.48302039,126.9711506,02-588-4286
479,1127,세븐일레븐 면목로데오점,서울특별시,중랑구,서울특별시 중랑구 중랑천로10길 66,서울특별시 중랑구 면목동 185-9,37.5923175,127.0766165,02-432-8973
480,1128,세븐일레븐 면목한신점,서울특별시,중랑구,서울특별시 중랑구 겸재로3길 5,서울특별시 중랑구 면목동 193-52,37.5861568,127.076345,02-432-7952
481,1129,세븐일레븐 상봉2점,서울특별시,중랑구,서울특별시 중랑구 망우로50길 25,서울특별시 중랑구 상봉2동 89-7,37.5959385,127.0893362,02-434-7485
482,1142,세븐일레븐 면목2호점,서울특별시,중랑구,서울특별시 중랑구 면목로42길 14,서울특별시 중랑구 면목동 618-1,37.5798351963,127.0887562,02-491-9633
510,1170,미니스톱 상봉점,서울특별시,중랑구,서울특별시 중랑구 봉우재로33길 92,서울특별시 중랑구 상봉동(상봉2동) 88-25,37.5957182543,127.0901785,02-435-8185
511,1171,미니스톱 신내점,서울특별시,중랑구,서울특별시 중랑구 신내동(신내1동) 613-71,서울특별시 중랑구 봉화산로 217,37.6077156,127.0967934,02-3423-2748
512,1172,세븐일레븐 망우2호점,서울특별시,중랑구,서울특별시 중랑구 양원역로 25,서울특별시 중랑구 망우동 183,37.6027059459,127.1076358,02-495-1613
513,1173,세븐일레븐 망우점,서울특별시,중랑구,서울특별시 중랑구 망우로 461,서울특별시 중랑구 망우동 340-22,37.6005635,127.1033339,02-496-0051
543,1265,CU 화양중앙점,서울특별시,광진구,서울특별시 광진구 능동로13길 69,서울특별시 광진구 화양동 33-40,37.544724826,127.0690665922,02-499-4217
544,1266,CU 세종대학생회관점,서울특별시,광진구,서울특별시 광진구 능동로 209,서울특별시 광진구 군자동 98,37.5516081379,127.0731831883,02-466-4027
545,1267,CU 중곡빌리지점,서울특별시,광진구,서울특별시 광진구 용마산로3길 32,서울특별시 광진구 중곡동 121-43,37.5561974021,127.0862160941,02-916-8131
546,1268,CU 중곡3동,서울특별시,광진구,서울특별시 광진구 면목로17길 6,서울특별시 광진구 중곡동 559-4,37.5705538056,127.0827885331,02-437-1480
547,1269,CU 장신대점,서울특별시,광진구,서울특별시 광진구 광장로 71-1,서울특별시 광진구 광장동 285-7,37.5477297377,127.1051166705,02-446-2239
548,1270,CU 구의크레신점,서울특별시,광진구,서울특별시 광진구 아차산로 375,서울특별시 광진구 구의동 246-14,37.5370799042,127.0843680229,02-456-5112
549,1271,CU 자양태성점,서울특별시,광진구,서울특별시 광진구 뚝섬로34길 25-19,서울특별시 광진구 자양동 792,37.5332248164,127.0704496413,02-3437-0988
550,1272,CU 자양리안점,서울특별시,광진구,서울특별시 광진구 동일로18길 11,서울특별시 광진구 자양동 24-5,37.5400782136,127.0635726023,02-466-6888
551,1273,GS25 건국,서울특별시,광진구,서울특별시 광진구 광나루로24길 14,서울특별시 광진구 화양동 495-17,37.5456503278,127.0762488254,02-3436-9934
552,1274,GS25 건대수정,서울특별시,광진구,서울특별시 광진구 능동로13길 15,서울특별시 광진구 화양동 11-1,37.5427937007,127.0709136373,02-2205-2042
553,1275,GS25 화양한아름,서울특별시,광진구,서울특별시 광진구 군자로3길 14,서울특별시 광진구 화양동 15-20,37.5446642769,127.0704426391,02-468-2205
554,1276,GS25 군자행운,서울특별시,광진구,서울특별시 광진구 군자로 141,서울특별시 광진구 군자동 48-24,37.554307759,127.0748262506,080-855-5525
555,1277,GS25 건대호수,서울특별시,광진구,서울특별시 광진구 아차산로39길 16,서울특별시 광진구 자양동 225-90,37.5387507445,127.0768044847,02-3437-7140
556,1278,GS25 자양스타,서울특별시,광진구,서울특별시 광진구 자양로13길 47,서울특별시 광진구 자양동 631,37.5341672695,127.081837,02-3437-0343
557,1279,GS25 자양강변,서울특별시,광진구,서울특별시 광진구 뚝섬로52라길 3,서울특별시 광진구 자양동 639-11,37.529909088,127.0787905489,02-3436-9802
558,1280,미니스톱 구의명성점,서울특별시,광진구,서울특별시 광진구 아차산로51길 62,서울특별시 광진구 구의동 248-138,37.5397413502,127.085021066,02-3436-5966
559,1281,세븐일레븐 건대예술점,서울특별시,광진구,서울특별시 광진구 능동로 143,서울특별시 광진구 화양동 3-21,37.54359372,127.0720679014,02-468-3711
560,1282,세븐일레븐 건대제일점,서울특별시,광진구,서울특별시 광진구 동일로22길 59,서울특별시 광진구 화양동 47-67,37.5416996505,127.0676311771,02-469-0711
561,1283,씨스페이스 중곡2점,서울특별시,광진구,서울특별시 광진구 능동로 442,서울특별시 광진구 중곡동 29-56,37.5680421629,127.0857315849,02-461-5583
562,1284,씨스페이스 중곡대원점,서울특별시,광진구,서울특별시 광진구 용마산로8가길 25,서울특별시 광진구 중곡동 147-42,37.560766,127.088653,02-446-9169
564,1500,CU 미아동부점,서울특별시,강북구,서울특별시 강북구 도봉로13길 58,서울특별시 강북구 미아동 450-64,37.61512884,127.0270141,02-980-2998
565,1501,CU 미아삼양점,서울특별시,강북구,서울특별시 강북구 솔샘로 231,서울특별시 강북구 미아동 838-8,37.6201985,127.018377,02-989-3700
566,1502,CU 미아창문점,서울특별시,강북구,서울특별시 강북구 월계로 83,서울특별시 강북구 미아동 8-144,37.61381761,127.0378674,02-981-0684
567,1503,CU 번동센트로힐점,서울특별시,강북구,서울특별시 강북구 한천로 936,서울특별시 강북구 번동 761,37.634672,127.0361184,02-990-0424
568,1504,CU 수유번동점,서울특별시,강북구,서울특별시 강북구 한천로132길 10,서울특별시 강북구 번동 461-80,37.63942624,127.0287221,02-997-9648
569,1505,CU 수유행복점,서울특별시,강북구,서울특별시 강북구 4.19로1길 16,서울특별시 강북구 수유동 281-40,37.64730169,127.0133935,02-900-5571
570,1506,GS25 수유우이점,서울특별시,강북구,서울특별시 강북구 삼양로93길 23,서울특별시 강북구 수유동 409,37.6378366,127.0158415,02-6212-7221
571,1507,GS25 수유광산점,서울특별시,강북구,서울특별시 강북구 노해로27길 21,서울특별시 강북구 수유동 252-40,37.6452516,127.0224126,02-998-5684
572,1508,미니스톱 미아삼성점,서울특별시,강북구,서울특별시 강북구 삼양로27길 20,서울특별시 강북구 미아동 693,37.61900086,127.0201231,02-982-6659
576,1512,미니스톱 수유인텔리안점,서울특별시,강북구,서울특별시 강북구 도봉로 313,서울특별시 강북구 수유동 230-7,37.63643974,127.0234734,02-900-7838
577,1513,세븐일레븐 미아래미안점,서울특별시,강북구,서울특별시 강북구 삼양로19길 25,서울특별시 강북구 미아동 813 107동 지하 1층 3-2호,37.61569586,127.0211397,02-945-5915
578,1514,세븐일레븐 번동제일점,서울특별시,강북구,서울특별시 강북구 덕릉로40길 18,서울특별시 강북구 번동 526-13,37.63431544,127.0303588,02-986-9224
580,1516,세븐일레븐 수유벽산점,서울특별시,강북구,서울특별시 강북구 삼각산로 140,서울특별시 강북구 수유동 36-1,37.6409021,127.0197238,02-900-6211
581,1517,세븐일레븐 수유으뜸점,서울특별시,강북구,서울특별시 강북구 도봉로 282,서울특별시 강북구 미아동 160-11,37.6335367,127.0237327,02-989-5659
582,1518,세븐일레븐 수유점,서울특별시,강북구,서울특별시 강북구 덕릉로 75,서울특별시 강북구 수유동 47-4,37.63482544,127.0220395,02-999-0614
583,1519,세븐일레븐 수유제일점 B,서울특별시,강북구,서울특별시 강북구 도봉로76길 11,서울특별시 강북구 미아동 162-48,37.63303382,127.0243686,02-986-3235
584,1520,세븐일레븐 수유테마점 B,서울특별시,강북구,서울특별시 강북구 도봉로 388,서울특별시 강북구 번동 464-1 1층 1호,37.64135773,127.0296311,02-904-1890
585,1521,세븐일레븐 수유빨래골점,서울특별시,강북구,서울특별시 강북구 삼양로73길 36,서울특별시 강북구 수유동 475-3,37.6307018,127.0168589,02-945-6012
586,1522,세븐일레븐 수유본점,서울특별시,강북구,서울특별시 강북구 도봉로77길 25,서울특별시 강북구 수유동 50-1,37.6335535,127.0217384,02-986-3917
587,1523,세븐일레븐 미아성우점,서울특별시,강북구,서울특별시 강북구 삼양로24길 19,서울특별시 강북구 미아동 561-2,37.61745082,127.0219965,02-945-1096
588,1524,씨스페이스 미아3점,서울특별시,강북구,서울특별시 강북구 솔매로 124,서울특별시 강북구 미아동 304-20,37.62603107,127.0257392,02-989-7904
589,1763,cu 동작구청2호점,서울특별시,동작구,서울특별시 동작구 노량진로8길 72,서울특별시 동작구 노량진동 244-12,37.51186199,126.9389943,02-813-4556
590,1764,cu 동작구청점,서울특별시,동작구,서울특별시 동작구 노량진로8길 54,서울특별시 동작구 노량진동 244-67,37.51223643,126.9382792,02-823-7889
591,1765,세븐일레븐 노량진역점,서울특별시,동작구,서울특별시 동작구 노량진로14길 4 1층,서울특별시 동작구 노량진동 59-44,37.5133123,126.9419612,02-812-5794
592,1766,cu  상도삼성점,서울특별시,동작구,서울특별시 동작구 등용로 37 1차 상가,서울특별시 동작구 상도동 450,37.50523976,126.9331339,02-825-2229
593,1767,GS25 양재구룡점,서울특별시,서초구,서울특별시 서초구 논현로5길 18,서울특별시 서초구 양재동 395-6,37.472131,127.048914,02-529-7718
594,1768,미니스톱 양재그린점,서울특별시,서초구,서울특별시 서초구 강남대로18길 11,서울특별시 서초구 양재동 242-8,37.472048,127.039421919,02-571-7392
595,1769,CU 양재알뜰점,서울특별시,서초구,서울특별시 서초구 언남9길 7-4,서울특별시 서초구 양재동 254-5,37.4738259332,127.042579,02-2057-0862
596,1770,CU 청계산입구역점,서울특별시,서초구,서울특별시 서초구 청계산로 217,서울특별시 서초구 신원동 214,37.4462703607,127.0573225291,02-575-0734
597,1771,GS25 논현최강점,서울특별시,서초구,서울특별시 서초구 신반포로 329,서울특별시 서초구 잠원동 40-9,37.510805736,127.01950398,02-512-3482
598,1775,GS25 문래에이스점,서울특별시,영등포구,"서울특별시 영등포구 경인로 775, 112호","서울특별시 영등포구 문래동3가 55-20, 에이스하이테크시티",37.51474534,126.8975388,02-3439-0084
599,1776,GS25 신길역점,서울특별시,영등포구,서울특별시 영등포구 경인로114가길 4,서울특별시 영등포구 영등포동1가 79-1,37.51813904,126.9140004407,02-2631-5124
600,1777,GS25 양평보보점,서울특별시,영등포구,"서울특별시 영등포구 양산로7길 3, 105호","서울특별시 영등포구 양평동3가 17-1, 우림보보카운티오피스텔",37.5258146,126.887188,02-2677-9525
601,1778,GS25 양평중앙점,서울특별시,영등포구,서울특별시 영등포구 양평로18길 8,서울특별시 영등포구 양평동4가 161-6,37.537202,126.8971124,02-2633-1247
602,1779,GS25 여의타워점,서울특별시,영등포구,서울특별시 영등포구 63로 36,서울특별시 영등포구 여의도동 61-5 리버타워102,37.5194119,126.9386126,02-761-9377
603,1780,GS25 영등포경남점,서울특별시,영등포구,서울특별시 영등포구 영중로27길 6,서울특별시 영등포구 영등포동7가 69-9,37.524242,126.904705,02-2068-0578
604,1781,GS25 영등포로타리점,서울특별시,영등포구,서울특별시 영등포구 영중로 31,서울특별시 영등포구 영등포동4가 65-3,37.5190267,126.9048646,02-2678-4595
605,1782,미니스톱 대림두암점,서울특별시,영등포구,서울특별시 영등포구 대림로29길 24,서울특별시 영등포구 대림동 727-5,37.49501997,126.896868,02-844-2425
606,1783,미니스톱 신길대신점,서울특별시,영등포구,서울특별시 영등포구 도신로60길 2,서울특별시 영등포구 신길동 115-1,37.5117464,126.9168208,02-845-0550
607,1784,미니스톱 신길점,서울특별시,영등포구,서울특별시 영등포구 도림로 322,서울특별시 영등포구 신길동 363-5,37.506318,126.9019159,02-831-0601
608,1785,미니스톱 여의IFC점,서울특별시,영등포구,서울특별시 영등포구 국제금융로2길 7,서울특별시 영등포구 여의도동 24,37.524619,126.926822,02-785-7956
609,1786,세븐일레븐 당산역본점,서울특별시,영등포구,서울특별시 영등포구 당산로 237,서울특별시 영등포구 당산동6가 306-1 그린빌 101호,37.53491375,126.902264,02-2068-9457
610,1787,세븐일레븐 대방역점,서울특별시,영등포구,서울특별시 영등포구 영등포로 422,서울특별시 영등포구 신길동 1300 정오빌딩 1층 9호,37.51239081,126.9248101,02-835-2030
611,1788,GS25 영등포영달점,서울특별시,영등포구,서울특별시 영등포구 영신로24길 18-1,서울특별시 영등포구 영등포동4가 428-13,37.5162887,126.9045362,02-2678-2575
612,1790,GS25 봉화산역,서울특별시,중랑구,서울특별시 중랑구 신내로 211,서울특별시 중랑구 신내동 646,37.6163947,127.0926039,02-3422-6608
613,1791,GS25 사가정스타,서울특별시,중랑구,서울특별시 중랑구 면목로45길 8,서울특별시 중랑구 면목동 497-16,37.5818287896,127.088082,02-493-5992
614,1792,GS25 중랑동부,서울특별시,중랑구,서울특별시 중랑구 신내로7가길 35,서울특별시 중랑구 상봉동 495,37.60227892,127.0938704,02-994-0786
615,1793,GS25 중랑신내,서울특별시,중랑구,서울특별시 중랑구 봉화산로56길 60,서울특별시 중랑구 신내동 410-9,37.6061038,127.0981131,02-436-2566
616,1794,GS25 중랑팰리스점,서울특별시,중랑구,서울특별시 중랑구 망우로 312-1,서울특별시 중랑구 상봉동 101-2,37.596527,127.0871344,02-432-9319
617,1795,GS25 용마파크,서울특별시,중랑구,서울특별시 중랑구 용마산로 248,서울특별시 중랑구 면목동 1339,37.5752055633,127.0884742,02-433-0417
618,1796,GS25 중랑지웰,서울특별시,중랑구,"서울특별시 중랑구 면목로69길 16, 101동 103호",서울특별시 중랑구 면목동 538 101동 103호,37.58725253,127.0863427,02-438-0228
619,1797,GS25 중화다미소점,서울특별시,중랑구,서울특별시 중랑구 동일로136길 10,서울특별시 중랑구 중화동 286-22,37.6020245,127.0801001,02-2209-4959
620,1798,GS25 상봉뉴월드점,서울특별시,중랑구,서울특별시 중랑구 망우로30길 3,서울특별시 중랑구 상봉동 130-3,37.5930326,127.0747358,02-432-2745
621,1799,CU 면목중앙점,서울특별시,중랑구,서울특별시 중랑구 면목로56가길 8,서울특별시 중랑구 면목동 409-47,37.5844605,127.0889145,02-2207-6103
622,1800,CU 면목행복점,서울특별시,중랑구,서울특별시 중랑구 겸재로50길 9,서울특별시 중랑구 면목동 104-14,37.5887072795,127.0910119169,02-495-4196
624,1802,CU 망우행복점,서울특별시,중랑구,서울특별시 중랑구 용마산로118길 130,서울특별시 중랑구 망우동 135-4,37.600864,127.1076756,02-434-7428
625,1803,CU 묵동먹골역점,서울특별시,중랑구,서울특별시 중랑구 공릉로2가길 28,서울특별시 중랑구 묵동172-26번지,37.613327304,127.0788287,02-948-9652
626,1804,GS25 망우금호,서울특별시,중랑구,"서울특별시 중랑구 망우로 504, 1층",서울특별시 중랑구 망우동 133-7 1층,37.6002329,127.1080069691,080-855-5525
627,1805,GS25 망우으뜸,서울특별시,중랑구,서울특별시 중랑구 망우로68길 56,서울특별시 중랑구 망우동 364-39,37.5974471,127.1009020799,02-435-3664
628,1806,GS25 망우제일,서울특별시,중랑구,서울특별시 중랑구 용마산로112길 37,서울특별시 중랑구 망우동 366-4,37.5987165472,127.1025649,02-433-8896
629,1807,GS25 망우한마음,서울특별시,중랑구,서울특별시 중랑구 용마산로99길 9,서울특별시 중랑구 망우동 531-24,37.5918396,127.097419,02-433-5972
630,1808,GS25 면목서일,서울특별시,중랑구,서울특별시 중랑구 용마산로94길 31,서울특별시 중랑구 면목동 46-12,37.5888318,127.0985842,02-434-7118
631,1809,GS25 면목한신,서울특별시,중랑구,서울특별시 중랑구 겸재로3길 54,서울특별시 중랑구 면목동 178-30,37.5883513,127.0767493,02-436-6480
632,1830,CU 우면프라자점,서울특별시,서초구,서울특별시 서초구 태봉로 70,서울특별시 서초구 우면동 721-1,37.4645396185,127.02558235,02-578-5776
633,1831,GS25 서초LG점,서울특별시,서초구,서울특별시 서초구 양재대로11길 19,서울특별시 서초구 양재동 221,37.4612216436,127.0344473862,02-575-0408
634,1862,세븐일레븐 서초프라자점,서울특별시,서초구,서울특별시 서초구 강남대로61길 25,서울특별시 서초구 서초동 1316-1,37.498429,127.023952,02-595-4388
635,1863,GS25 서초우면점,서울특별시,서초구,서울특별시 서초구 바우뫼로7길 13,서울특별시 서초구 우면동 65-1,37.470943,127.024673,02-529-5424
638,1911,CU 방배롯데캐슬점,서울특별시,서초구,서울특별시 서초구 방배중앙로29길 25,서울특별시 서초구 방배동 763-1,37.4964009907,126.984022,02-532-3305
639,1912,미니스톱 방배홈타운점,서울특별시,서초구,서울특별시 서초구 동광로 9,서울특별시 서초구 방배동 2133,37.4910237837,126.984045,02-594-3842
640,1913,세븐일레븐 서초19호점,서울특별시,서초구,서울특별시 서초구 사임당로17길 113,서울특별시 서초구 서초동 1668-12,37.4933246,127.0187824,02-3472-2483
641,1914,CU 서초도시점,서울특별시,서초구,서울특별시 서초구 서초대로64길 9,서울특별시 서초구 서초동 1679-5,37.4951945,127.0208388164,02-587-6474
642,1915,GS25 서초아남점,서울특별시,서초구,서울특별시 서초구 서초대로64길 55,서울특별시 서초구 서초동 1635-6,37.4932295,127.021552,080-855-5525
643,1916,미니스톱 삼성타운점,서울특별시,서초구,서울특별시 서초구 서초대로78길 22,서울특별시 서초구 서초동 1327-1,37.4958041937,127.0275470901,02-3472-4399
644,1917,세븐일레븐 서초퍼스트점,서울특별시,서초구,서울특별시 서초구 효령로72길 33,서울특별시 서초구 서초동 1344-29,37.486958,127.027001113,02-521-2846
646,1919,미니스톱 서초남부점,서울특별시,서초구,서울특별시 서초구 남부순환로323길 38-17,서울특별시 서초구 서초동 1454-3,37.482743,127.014739,02-3473-5357
647,1920,GS25 서초대림점,서울특별시,서초구,서울특별시 서초구 명달로4길 32,서울특별시 서초구 서초동 1467-65,37.480353,127.007658,02-3471-8928
648,1921,GS25 서초동일점,서울특별시,서초구,서울특별시 서초구 서초대로50길 62-4,서울특별시 서초구 서초동 1568-5,37.4906060324,127.013382,02-597-9890
649,1922,미니스톱 서초라디안점,서울특별시,서초구,서울특별시 서초구 서초중앙로 49,서울특별시 서초구 서초동 1600-7,37.486186,127.0151512063,02-521-8506
650,1923,미니스톱 서초이오빌,서울특별시,서초구,서울특별시 서초구 효령로53길 45,서울특별시 서초구 서초동 1593-7,37.4865263208,127.012911,02-581-8904
651,1924,CU 서초효령점,서울특별시,서초구,서울특별시 서초구 반포대로14길 42,서울특별시 서초구 서초동 1589-12,37.485824,127.013426,02-521-1121
652,1925,세븐일레븐 강남본점,서울특별시,서초구,서울특별시 서초구 서초대로77길 27,서울특별시 서초구 서초동 1307-19,37.5001258792,127.025504014,02-599-2764
653,1926,GS25 서초디오빌점,서울특별시,서초구,서울특별시 서초구 서초대로73길 54,서울특별시 서초구 서초동 1309-1,37.502058,127.0240706415,02-3482-7896
655,1955,미니스톱 방배현대점,서울특별시,서초구,서울특별시 서초구 방배로 57,서울특별시 서초구 방배동 982-2,37.4796581,126.998435,02-587-2683
656,1956,GS25 방배E푸른점,서울특별시,서초구,서울특별시 서초구 서초대로27길 57,서울특별시 서초구 방배동 850-3,37.4904732598,126.993423543,02-593-2218
657,1957,CU 방배이수역점,서울특별시,서초구,서울특별시 서초구 동광로12가길 26,서울특별시 서초구 방배동 1457,37.4874102,126.983524,02-537-4764
658,1958,세븐일레븐 반포사평로점,서울특별시,서초구,서울특별시 서초구 사평대로6길 7,서울특별시 서초구 방배동 727-3,37.4977192,126.9909304832,02-535-3955
659,1959,세븐일레븐 방배8호점,서울특별시,서초구,서울특별시 서초구 방배중앙로 185,서울특별시 서초구 방배동 761-7,37.4955295,126.985613,02-599-2210
660,1974,CU 서초염곡점,서울특별시,서초구,서울특별시 서초구 염곡말길 19,서울특별시 서초구 염곡동 106-7,37.4620188147,127.052218,02-575-3118
661,1975,CU 반포중앙점,서울특별시,서초구,서울특별시 서초구 사평대로53길 27,서울특별시 서초구 반포동 733-14,37.5054426335,127.021345,02-546-3208
662,1976,GS25 반포중앙점,서울특별시,서초구,서울특별시 서초구 사평대로55길 37,서울특별시 서초구 반포동 739-35,37.505669,127.022012,02-514-4249
663,1977,GS25 반포타운점,서울특별시,서초구,서울특별시 서초구 사평대로53길 36,서울특별시 서초구 반포동 734-22,37.5059554,127.0213746,02-511-4325
664,1978,미니스톱 서초반포점,서울특별시,서초구,서울특별시 서초구 사평대로57길 44,서울특별시 서초구 반포동 737,37.5063505838,127.0227736548,02-541-4927
665,1979,세븐일레븐 반포3호점,서울특별시,서초구,서울특별시 서초구 반포대로 300-3,서울특별시 서초구 잠원동76-7,37.505772,127.001214,02-533-5716
666,1980,미니스톱 반포삼공점,서울특별시,서초구,서울특별시 서초구 고무래로 6-3,서울특별시 서초구 반포동 58-7,37.5037718836,127.009915,02-595-3624
667,1981,세븐일레븐 반포서래점,서울특별시,서초구,서울특별시 서초구 서래로6길4,서울특별시 서초구 반포동 90-1,37.497673,126.998499,02-3476-8359
668,1982,GS25 구반포역점,서울특별시,서초구,서울특별시 서초구 신반포로3길 7,서울특별시 서초구 반포동 817,37.50192985,126.9863158,02-532-2579
669,1983,세븐일레븐 반포2호점,서울특별시,서초구,서울특별시 서초구 신반포로 41,서울특별시 서초구 반포동 1189,37.501962571,126.9890300196,02-596-2224
670,1984,GS25 방배브라운점,서울특별시,서초구,서울특별시 서초구 방배로 146,서울특별시 서초구 방배동 898-6,37.4869341518,126.994409823,02-588-0108
671,1985,세븐일레븐 방배17호점,서울특별시,서초구,서울특별시 서초구 도구로 77,서울특별시 서초구 방배동 957-3,37.4834268127,126.986703,02-582-7058
672,1986,미니스톱 사당역점,서울특별시,서초구,서울특별시 서초구 방배천로 5-3,서울특별시 서초구 방배동 445-5,37.4770506868,126.982209,02-586-2834
673,1987,미니스톱 방배본점,서울특별시,서초구,서울특별시 서초구 효령로 18,서울특별시 서초구 방배동 477-8,37.4771435,126.987064,02-581-2209
674,1988,미니스톱 방배중앙점,서울특별시,서초구,서울특별시 서초구 효령로34길 23-3,서울특별시 서초구 방배동 985-20,37.4807389487,126.999765,02-587-9989
722,2256,CU,서울특별시,서대문구,서울특별시 서대문구 독립문공원길 17,서울특별시 서대문구 현저동 200,37.57238119,126.9551984,02-365-5792
723,2257,CU,서울특별시,서대문구,서울특별시 서대문구 경기대로48,서울특별시 서대문구 충정로2가 188-1,37.563452,126.962578,02-356-6807
724,2258,CU,서울특별시,서대문구,서울특별시 서대문구 연희로 126,서울특별시 서대문구 연희동 88-13,37.568722,126.932677,02-333-5318
725,2259,CU,서울특별시,서대문구,서울특별시 서대문구 연희맛로 38,서울특별시 서대문구 연희동 134-28,37.568145,126.9311672,02-3143-6338
726,2260,CU,서울특별시,서대문구,서울특별시 서대문구 연희로5길 66,서울특별시 서대문구 연희동 220-22,37.565642,126.9255303,02-335-6967
727,2261,GS25,서울특별시,서대문구,서울특별시 서대문구 가좌로 31,서울특별시 서대문구 연희동 719-7,37.577226,126.932003,02-3143-0804
728,2262,미니스톱,서울특별시,서대문구,서울특별시 서대문구 통일로37길 18,서울특별시 서대문구 홍제동 306-8,37.58755181,126.943992,02-391-5140
729,2263,CU,서울특별시,서대문구,서울특별시 서대문구 통일로39길 22,서울특별시 서대문구 홍제동 308-8,37.588113,126.943072,02-379-9413
730,2264,CU,서울특별시,서대문구,서울특별시 서대문구 모래내로 411,서울특별시 서대문구 홍제동 471,37.58505729,126.9409086,02-394-2992
731,2265,CU,서울특별시,서대문구,서울특별시 서대문구 증가로 264,서울특별시 서대문구 북가좌동 342-14,37.58407849,126.9111953,02-376-7267
732,2266,CU,서울특별시,서대문구,서울특별시 서대문구 거북골로 223,서울특별시 서대문구 북가좌동 348-17,37.57975121,126.9066496,02-302-1189
733,2267,GS25,서울특별시,서대문구,서울특별시 서대문구 거북골로 170,서울특별시 서대문구 북가좌동 424-53,37.57665802,126.9114653,02-373-1963
734,2268,GS25,서울특별시,서대문구,서울특별시 서대문구 증가로12나길 101,서울특별시 서대문구 북가좌동 3-15,37.58271266,126.9198566,02-303-8334
735,2269,GS25,서울특별시,서대문구,서울특별시 서대문구 연세로11길 16,서울특별시 서대문구 창천동 52-150,37.55903448,126.9358934,02-325-8256
736,2270,GS25,서울특별시,서대문구,서울특별시 서대문구 연세로9길 8,서울특별시 서대문구 창천동 33-14,37.55857771,126.9364521,02-335-1919
737,2271,미니스톱,서울특별시,서대문구,서울특별시 서대문구 연세로4길 12,서울특별시 서대문구 창천동 29-111,37.55700489,126.9377427,02-365-1797
738,2272,CU,서울특별시,서대문구,서울특별시 서대문구 연대동문길 26,서울특별시 서대문구 대신동 50-1,37.56358512,126.9438075,02-365-6914
739,2273,GS25,서울특별시,서대문구,서울특별시 서대문구 봉원사길6,서울특별시 서대문구 대신동 125-27,37.56699207,126.9467524,02-392-9225
740,2274,GS25,서울특별시,서대문구,서울특별시 서대문구 이화여대길 52,서울특별시 서대문구 대현동 11-10,37.56446452,126.9502888,02-312-2941
741,2275,미니스톱,서울특별시,서대문구,서울특별시 서대문구 이화여대길 7,서울특별시 서대문구 대현동 40-4,37.55723449,126.945642,02-362-8568
742,2276,세븐일레븐,서울특별시,서대문구,서울특별시 서대문구 이화여대3길 6,서울특별시 서대문구 대현동 56-19,37.55810919,126.9454547,02-393-6428
743,2305,gs25 사당남사,서울특별시,동작구,서울특별시 동작구 동작대로 17길 10,서울특별시 동작구 사당동 1005-54,37.48285656,126.9808108,02-521-2274
744,2306,미니스톱 사당점,서울특별시,동작구,서울특별시 동작구 동작대로7길 12,서울특별시 동작구 사당동 1030-10,37.47998055,126.9808613,02-582-8316
745,2307,cu 사당태양점,서울특별시,동작구,서울특별시 동작구 동작대로35길 21,서울특별시 동작구 사당동 71-1,37.4909801,126.9811118,02-3482-8940
746,2308,CU  목4동점,서울특별시,양천구,서울특별시 양천구 목동중앙남로5길 46,서울특별시 양천구 목동 728-21,37.536927,126.864389,02-2648-3547
747,2309,gs25 사당이화,서울특별시,동작구,서울특별시 동작구 동작대로 35길 18. 1층,서울특별시 동작구 사당동 39-18,37.4911171,126.9813877,02-536-7992
750,2312,세븐일레븐 롯데캐슬점,서울특별시,동작구,서울특별시 동작구 사당로27길 190,서울특별시 동작구 사당동 1132,37.49096018,126.9715998,070-4177-2682
751,2313,세븐일레븐 사당6호점,서울특별시,동작구,서울특별시 동작구 사당로2차길 2,서울특별시 동작구 사당동 202-28,37.4877688,126.9648575,02-588-5874
753,2315,cu 노량진초교점,서울특별시,동작구,서울특별시 동작구 장승배기로 164,서울특별시 동작구 노량진동 50-2,37.5123132,126.9403965,02-3280-1110
754,2316,cu 노량진중심점,서울특별시,동작구,서울특별시 동작구 장승배기로 122,서울특별시 동작구 노량진동 231-112,37.50849654,126.9403769,070-7788-2481
759,2348,CU  신월가로공원점,서울특별시,양천구,서울특별시 양천구 가로공원로 142,서울특별시 양천구 신월동 94-9,37.53611031,126.831719,02-2696-3324
760,2349,CU  신월장수공원점,서울특별시,양천구,서울특별시 양천구 월정로 15,서울특별시 양천구 신월동 514-17,37.521238,126.843526,02-2605-4595
761,2350,CU  이대목동병원점,서울특별시,양천구,"서울특별시 양천구 안양천로 1071, 이대목동병원",서울특별시 양천구 목동 911-1,37.536983,126.886746,02-2653-8765
762,2351,CU  목동아카데미점,서울특별시,양천구,서울특별시 양천구 오목로 276-6,서울특별시 양천구 목동 408-53,37.524991,126.867881,02-2644-3285
763,2352,CU  목동하이페리온점,서울특별시,양천구,"서울특별시 양천구 오목로 300, 목동 현대 하이페리온2 201동",서울특별시 양천구 목동 961,37.524831,126.870022,02-2640-0855
764,2353,CU  신정중앙로점,서울특별시,양천구,"서울특별시 양천구 오목로37길 22, 비동",서울특별시 양천구 신정동 912-11,37.526963,126.856085,02-6338-3663
765,2354,GS25  목동리치,서울특별시,양천구,"서울특별시 양천구 목동중앙북로7가길 61, 목동 RICH SQUARE",서울특별시 양천구 목동 613-1,37.549728,126.864175,02-2645-7580
766,2355,GS25  목동스위트,서울특별시,양천구,"서울특별시 양천구 목동서로 65, 목동가든스위트",서울특별시 양천구 목동 907-5,37.536125,126.878732,02-2062-3007
767,2356,GS25  신월태진,서울특별시,양천구,서울특별시 양천구 중앙로55길 28,서울특별시 양천구 신월동 457-13,37.526414,126.846328,02-2603-8020
768,2357,GS25  신정성의,서울특별시,양천구,서울특별시 양천구 중앙로54길 21,서울특별시 양천구 신정동 932-9,37.526562,126.852094,02-2691-7268
769,2358,세븐일레븐  목동점,서울특별시,양천구,"서울특별시 양천구 목동동로 130, 목동신시가지아파트14단지",서울특별시 양천구 신정동 329,37.514999,126.8712369,02-2645-4572
770,2359,세븐일레븐  신정2점,서울특별시,양천구,서울특별시 양천구 신월로 321,서울특별시 양천구 신정동 977-16,37.521767,126.856516,02-2696-7575
771,2360,세븐일레븐  신정타운점,서울특별시,양천구,"서울특별시 양천구 목동동로 50, 목동신시가지아파트12단지 1201동",서울특별시 양천구 신정동 326,37.512094,126.860289,02-2061-9105
772,2361,세븐일레븐  신월3호점,서울특별시,양천구,서울특별시 양천구 신월로 150,서울특별시 양천구 신월동 549-1,37.517104,126.840476,02-2698-5839
798,2409,GS25성북한천로,서울특별시,성북구,서울특별시 성북구 한천로 572,서울특별시 성북구석관동 124-34,37.6108434,127.0630028,02-965-5152
799,2410,GS25성신미디어,서울특별시,성북구,서울특별시 성북구 보문로32길 69,서울특별시 성북구동선동2가 142-3,37.59060167,127.0199813,02-923-7978
800,2411,GS25성신행운,서울특별시,성북구,서울특별시 성북구 보문로30가길 12,서울특별시 성북구안암동1가 47-2,37.589201,127.0203049,02-923-8449
801,2412,GS25정릉대우,서울특별시,성북구,서울특별시 성북구 보국문로 14,서울특별시 성북구정릉동 413-16,37.60590885,127.0114156,02-909-9010
802,2413,GS25한성대,서울특별시,성북구,서울특별시 성북구 삼선교로10나길 3,서울특별시 성북구삼선동1가 266,37.5866242,127.0095148,02-3675-3921
803,2414,GS25동덕여대사랑,서울특별시,성북구,서울특별시 성북구 화랑로13길 42,서울특별시 성북구하월곡동 21-56,37.60512716,127.0417578,02-915-7705
804,2415,GS25성북석관,서울특별시,성북구,"서울특별시 성북구 돌곶이로 46, 1층",서울특별시 성북구석관동 301-8,37.6082436,127.0598793,02-959-2273
805,2416,GS25석관미소,서울특별시,성북구,서울특별시 성북구 돌곶이로8바길 39,서울특별시 성북구석관동 67-18,37.6089057,127.0637025,02-959-0920
806,2417,GS25성북장위,서울특별시,성북구,서울특별시 성북구 화랑로33길 39,서울특별시 성북구장위동 66-9,37.6118122,127.0545188,02-912-0177
807,2418,GS25성북희망점,서울특별시,성북구,서울특별시 성북구 삼선교로18나길 26,서울특별시 성북구삼선동5가 73-3,37.5878036,127.0143731,02-929-2527
808,2419,미니스톱상월곡역점,서울특별시,성북구,서울특별시 성북구 화랑로 186,서울특별시 성북구석관동 341-16,37.60743005,127.0510151,02-6348-0830
809,2420,미니스톱장위중앙점,서울특별시,성북구,서울특별시 성북구 장위로 38,서울특별시 성북구장위동 231-590,37.614201,127.0407016,1577-9621
810,2421,미니스톱장위점,서울특별시,성북구,서울특별시 성북구 장월로 113,서울특별시 성북구장위동 238-122,37.6159414,127.0483295,02-918-2306
811,2422,미니스톱정릉서경대점,서울특별시,성북구,서울특별시 성북구 보국문로16길 48,서울특별시 성북구정릉동 266-390,37.61201771,127.0097602,02-998-8580
812,2423,미니스톱안암역점,서울특별시,성북구,서울특별시 성북구 고려대로 95,서울특별시 성북구안암동5가 100-9,37.586422,127.0300034,02-929-2980
813,2424,세븐일레븐보문점,서울특별시,성북구,서울특별시 성북구 안암로1길 45,서울특별시 성북구보문동7가 23-7,37.5805073,127.0224295,02-927-4203
814,2425,세븐일레븐삼선동점,서울특별시,성북구,서울특별시 성북구 삼선교로23길 21,서울특별시 성북구삼선동4가 204-3,37.5903246,127.013819,02-922-5836
815,2426,세븐일레븐성북구청후문점,서울특별시,성북구,서울특별시 성북구 보문로32길 14,서울특별시 성북구삼선동5가 409,37.58940918,127.0173507,02-923-3375
817,2428,세븐일레븐성신여대정문점,서울특별시,성북구,서울특별시 성북구 보문로34나길 3,서울특별시 성북구동선동3가 234,37.5915026,127.0203356,02-921-7532
818,2429,세븐일레븐월곡삼양점,서울특별시,성북구,서울특별시 성북구 오패산로17길 40,서울특별시 성북구하월곡동 83-28,37.6079243,127.0338384,02-941-7008
819,2430,세븐일레븐정릉대로점,서울특별시,성북구,서울특별시 성북구 정릉로 326,서울특별시 성북구정릉동 16-169,37.6020315,127.0193099,02-942-2840
820,2431,세븐일레븐정릉이수점,서울특별시,성북구,서울특별시 성북구 북악산로 842,서울특별시 성북구정릉동 45-39,37.5992011,127.0176971,02-909-2725
821,2432,세븐일레븐 성북성신여고점,서울특별시,성북구,서울특별시 성북구 동소문로 26가길 40,서울특별시 성북구동선동3가 76,37.5947547,127.0211402,02-6369-4845
822,2433,씨스페이스장위점,서울특별시,성북구,서울특별시 성북구 장월로 89-1,서울특별시 성북구장위동 238-198,37.6138424,127.0487142,02-3292-1999
823,2434,씨스페이스정릉3점,서울특별시,성북구,서울특별시 성북구 솔샘로6길 66,서울특별시 성북구정릉동 372-7,37.60873105,127.0077307,02-916-0103
824,2438,CU고려대안암병원점,서울특별시,성북구,서울특별시 성북구 고려대로 73,서울특별시 성북구 안암동5가 126-1,37.58711178,127.0263579,02-922-2228
825,2439,CU동덕우체국점,서울특별시,성북구,서울특별시 성북구 화랑로13길 79-2,서울특별시 성북구하월곡동 73-21,37.6066219,127.0407525,02-942-9552
826,2440,CU성북로데오점,서울특별시,성북구,서울특별시 성북구 동소문로20가길 22,서울특별시 성북구동선동1가 100,37.59263467,127.0177319,02-929-0622
827,2441,CU성북삼선점,서울특별시,성북구,서울특별시 성북구 삼선교로 16길 48,서울특별시 성북구삼선동2가 212-1,37.5861266,127.0108003,02-6012-6209
828,2442,CU성북점,서울특별시,성북구,서울특별시 성북구 성북로8길 4,서울특별시 성북구성북동 184-48,37.5906171,127.0043319,02-747-4634
829,2443,CU성신여대역점,서울특별시,성북구,서울특별시 성북구 동소문로 93,서울특별시 성북구동소문동6가 116,37.59268903,127.0156761,02-922-1017
830,2444,CU정릉청수점,서울특별시,성북구,서울특별시 성북구 보국문로32길 3,서울특별시 성북구정릉동 966-101,37.6172001,127.0024647,02-910-7072
831,2445,CU종암행복점,서울특별시,성북구,서울특별시 성북구 종암로5길 29,서울특별시 성북구종암동 34-6,37.5940509,127.0342589,02-926-4626
832,2446,CU보문좋은점,서울특별시,성북구,서울특별시 성북구 지봉로 175,서울특별시 성북구보문동2가 75-15,37.5850057,127.0181328,02-926-2525
833,2447,GS25고대종암,서울특별시,성북구,서울특별시 성북구 북악산로27길 14,서울특별시 성북구종암동 31-46,37.59213004,127.0344125,02-929-0567
834,2448,GS25길음뉴타운,서울특별시,성북구,서울특별시 성북구 삼양로13길 45,서울특별시 성북구길음동 1281-6,37.61072626,127.0196517,02-929-1315
835,2449,GS25길음본,서울특별시,성북구,서울특별시 성북구 길음로 33,서울특별시 성북구길음동 1284,37.60504961,127.022011,02-918-2212
836,2450,GS25성북동진,서울특별시,성북구,서울특별시 성북구 종암로 54,서울특별시 성북구종암동 10-178,37.59502349,127.0361673,02-913-5557
837,2451,세븐일레븐 한양본점,서울특별시,성동구,서울특별시 성동구 마조로5길 8,서울특별시 성동구 행당동 4-27,37.56012487,127.0402266,02-2281-0779
838,2483,CU 성동금호점,서울특별시,성동구,서울특별시 성동구 장터길 34,서울특별시 성동구 금호동4가 1192,37.548142,127.0196133,02-2298-3760
839,2484,CU 성동신한점,서울특별시,성동구,서울특별시 성동구 고산자로 269,서울특별시 성동구 도선동 14번지 신한넥스텔 102호,37.563648,127.0357573,02-2281-7230
840,2485,CU 왕십리도선점,서울특별시,성동구,서울특별시 성동구 무학로2길 41,서울특별시 성동구 도선동 148번지 외 2필지,37.56292703,127.034361,02-2295-7230
841,2486,CU 금호두산점,서울특별시,성동구,서울특별시 성동구 행당동 35,서울특별시 성동구 금호1가동128-1번지,37.557009,127.043695,02-2295-2850
842,2487,GS25 성수햇살점,서울특별시,성동구,서울특별시 성동구 성덕정길 128,서울특별시 성동구 성수2가1동 223-11,37.53653315,127.0575707,02-2205-5337
843,2488,GS25 한양여대점,서울특별시,성동구,서울특별시 성동구 사근동10길 16,서울특별시 성동구 사근동 190-11,37.5603507,127.0490812,02-2299-8120
844,2489,GS25 한양대후문점,서울특별시,성동구,서울특별시 성동구 사근동길 10,서울특별시 성동구 행당1동 16-15,37.56021428,127.0422154,02-2282-1013
845,2490,GS25 행당벽산점,서울특별시,성동구,"서울특별시 성동구 행당로6길 2, 1층101,102호","서울특별시 성동구 금호동1가 , 종합사회복지관상가동",37.55539336,127.0253734,02-2299-7925
846,2491,미니스톱 성동도선점,서울특별시,성동구,서울특별시 성동구 왕십리로20길 26,서울특별시 성동구 도선동 4-3,37.56400786,127.0355689,02-2297-7319
847,2492,미니스톱 뚝섬점,서울특별시,성동구,서울특별시 성동구 상원8길 1,서울특별시 성동구 성수동1가 13-104,37.54892066,127.048282,02-499-3110
848,2493,미니스톱 디지털타워점,서울특별시,성동구,서울특별시 성동구 성수일로4길 25,서울특별시 성동구 성수동2가 308-4,37.542509,127.0518608,02-2115-8388
849,2494,미니스톱 성수2가점,서울특별시,성동구,서울특별시 성동구 광나루로 238,서울특별시 성동구 성수동2가 289-1,37.54922352,127.056127,02-497-3110
850,2495,세븐일레븐 왕십리제일점,서울특별시,성동구,서울특별시 성동구 무학봉15가길 7,서울특별시 성동구 하왕십리동 985-9,37.561055,127.0302616,070-7795-6641
851,2496,미니스톱 구로구청점,서울특별시,구로구,서울특별시 구로구 가마산로22길 10(구로동),서울특별시 구로구 구로동 82-4,37.4939413,126.8874488,02-859-1390
852,2497,미니스톱 구로공단역점,서울특별시,구로구,서울특별시 구로구 디지털로32나길 35(구로동),서울특별시 구로구 구로동 1124-44,37.48471224,126.9008335,02-864-6872
853,2498,미니스톱 구로지플러스점,서울특별시,구로구,서울특별시 구로구 디지털로32가길 16(구로동),서울특별시 구로구 구로동 1128-3,37.4829104,126.898574,02-851-4366
857,2502,세븐일레븐 고척푸르지오점,서울특별시,구로구,서울특별시 구로구 중앙로 109(고척동),서울특별시 구로구 고척동339-1,37.5070541,126.8595113,02-2060-8367
858,2503,세븐일레븐 고척청마루점,서울특별시,구로구,서울특별시 구로구 중앙로 14길 31(고척동),서울특별시 구로구 고척동 39-6,37.50761415,126.8631037,02-2684-1719
859,2504,세븐일레븐 구일역점,서울특별시,구로구,서울특별시 구로구 구일로 110(구로동),서울특별시 구로구 구로동 642-108,37.4950273,126.872004,02-851-1795
860,2525,CU 고척리가점,서울특별시,구로구,서울특별시 구로구 중앙로14길 23(고척동),서울특별시 구로구 고척동 41-3,37.5069602,126.8626241,02-707-2250
861,2526,CU 구로포스큐,서울특별시,구로구,"서울특별시 구로구 공원로11(구로동,102호)",서울특별시 구로구 구로동 106-2,37.4981598,126.8919457,02-830-7248
862,2527,CU 오류현대점,서울특별시,구로구,서울특별시 구로구 경인로20나길 30(오류동),서울특별시 구로구 오류동 46-1,37.4948667,126.8420247,02-2066-2287
863,2528,CU 한신IT타워점,서울특별시,구로구,서울특별시 구로구 디지털로 272(구로동),서울특별시 구로구 구로동 235,37.48250101,126.894424,02-866-2101
864,2529,CU 구로파트너점,서울특별시,구로구,서울특별시 구로구 디지털로32가길 16(구로동),서울특별시 구로구 구로동 1128-3,37.4829104,126.898574,02-2028-3335
865,2530,CU 구로희망점,서울특별시,구로구,서울특별시 구로구 디지털로31길 53(구로동),서울특별시 구로구 구로동 197-13,37.485463,126.8924069,02-852-3658
866,2531,CU 신세계I&C점,서울특별시,구로구,서울특별시 구로구 디지털로31길 61(구로동),서울특별시 구로구 구로동197-12,37.48591141,126.8915302,02-851-2337
867,2532,GS25 고척세곡,서울특별시,구로구,서울특별시 구로구 고척로33길 60(고척동),서울특별시 구로구 고척동 241-129,37.5052065,126.8480204,02-2613-9980
868,2533,GS25 구로W타워,서울특별시,구로구,서울특별시 구로구 경인로53길 90(구로동),서울특별시 구로구 구로동 615-3,37.5045551,126.8751754,02-6124-3343
869,2534,GS25 구로가리봉,서울특별시,구로구,서울특별시 구로구 우마길 1 (가리봉동),서울특별시 구로구 가리봉동 122-21,37.4825185,126.8875206,02-858-6648
870,2535,GS25 구로개봉,서울특별시,구로구,서울특별시 구로구 고척로19길 16(개봉동),서울특별시 구로구 개봉동 62-19,37.5019437,126.8453347,02-2611-8663
871,2536,GS25 구로문성,서울특별시,구로구,"서울특별시 구로구 디지털로32가길 72(구로동,101호)",서울특별시 구로구 구로동 1129-18,37.4805275,126.8969729,02-830-8770
872,2537,GS25 구로미성,서울특별시,구로구,서울특별시 구로구 구로중앙로 228(신도림동),서울특별시 구로구 신도림동 399,37.5061286,126.8766046,02-2635-2025
873,2538,GS25 구로제일,서울특별시,구로구,서울특별시 구로구 구일로4길 33(구로동),서울특별시 구로구 구로동 685-215,37.49209493,126.8758803,02-830-1963
874,2539,GS25 구로현대,서울특별시,구로구,서울특별시 구로구 신도림로19길 16(신도림동),서울특별시 구로구 신도림동 641,37.51158352,126.8846172,02-2675-6088
875,2540,GS25 신도림,서울특별시,구로구,서울특별시 구로구 공원로6가길 52(구로동),서울특별시 구로구 구로동 33-1,37.5036144,126.8901032,02-852-7023
876,2541,GS25 오류행운,서울특별시,구로구,서울특별시 구로구 경인로15길 80-4 (오류동),서울특별시 구로구 오류동 4-1,37.49722671,126.837019,02-2625-0025
877,2542,GS25 구로지벨리몰점,서울특별시,구로구,서울특별시 구로구 디지털로 300(구로동),서울특별시 구로구 구로동 188-25,37.4847468,126.8964988,02-6344-3904
879,2544,GS25 구로사랑,서울특별시,구로구,"서울특별시 구로구 경인로 661(신도림동,154호)",서울특별시 구로구 신도림동 337,37.50904858,126.8869872,02-2069-1049
880,2545,GS25 구로이편한점,서울특별시,구로구,"서울특별시 구로구 신도림로 16, 101호(신도림동, 대림2차)","서울특별시 구로구 신도림동 642, 대림2차)",37.50512273,126.8821933,02-2634-2810
881,2546,GS25 구로경인점,서울특별시,구로구,"서울특별시 구로구 경인로35길 38(개봉동,1층)",서울특별시 구로구 개봉동 149-20,37.49891797,126.8543162,02-2688-1153
882,2547,GS25 구로아울렛,서울특별시,구로구,"서울특별시 구로구 경인로43길 18(고척동,1층)",서울특별시 구로구 고척동 85-20,37.49743159,126.8620618,02-2625-1052
883,2548,GS25 개봉으뜸,서울특별시,구로구,"서울특별시 구로구 경인로40길 41(개봉동,107호)",서울특별시 구로구 개봉동 181-5,37.49502772,126.8590223,02-2066-9123
884,2549,GS25 구로미래,서울특별시,구로구,"서울특별시 구로구 경인로 661(신도림동,1104호)",서울특별시 구로구 신도림동 337,37.50904858,126.8869872,02-2069-1185
885,2550,GS25 고척,서울특별시,구로구,서울특별시 구로구 경인로47길 10(고척동),서울특별시 구로구 고척동 62-98,37.5001115,126.8671606,02-2616-0574
887,2552,CU 마장현대점,서울특별시,성동구,서울특별시 성동구 마장로39길 36,서울특별시 성동구 마장동 768-1번지 안민빌딩 109호,37.5681091,127.0437104,02-2281-0900
